pep	metric	type	method	metric_type	count
NLVPMVATV	0.6018	seen	VitTCR	AUROC	930
NLVPMVATV	0.5959	seen	VitTCR	AUPR	930
NLVPMVATV	0.5972	seen	NetTCR-2.0	AUROC	930
NLVPMVATV	0.5811	seen	NetTCR-2.0	AUPR	930
NLVPMVATV	0.5799	seen	ERGO_AE	AUROC	930
NLVPMVATV	0.5649	seen	ERGO_AE	AUPR	930
LLWNGPMAV	0.745	seen	VitTCR	AUROC	484
LLWNGPMAV	0.7704	seen	VitTCR	AUPR	484
LLWNGPMAV	0.6654	seen	NetTCR-2.0	AUROC	484
LLWNGPMAV	0.6532	seen	NetTCR-2.0	AUPR	484
LLWNGPMAV	0.6761	seen	ERGO_AE	AUROC	484
LLWNGPMAV	0.6799	seen	ERGO_AE	AUPR	484
ELAGIGILTV	0.5855	seen	VitTCR	AUROC	910
ELAGIGILTV	0.57	seen	VitTCR	AUPR	910
ELAGIGILTV	0.5917	seen	NetTCR-2.0	AUROC	910
ELAGIGILTV	0.5657	seen	NetTCR-2.0	AUPR	910
ELAGIGILTV	0.5803	seen	ERGO_AE	AUROC	910
ELAGIGILTV	0.5603	seen	ERGO_AE	AUPR	910
YLQPRTFLL	0.7645	seen	VitTCR	AUROC	666
YLQPRTFLL	0.8157	seen	VitTCR	AUPR	666
YLQPRTFLL	0.7247	seen	NetTCR-2.0	AUROC	666
YLQPRTFLL	0.7454	seen	NetTCR-2.0	AUPR	666
YLQPRTFLL	0.7252	seen	ERGO_AE	AUROC	666
YLQPRTFLL	0.7589	seen	ERGO_AE	AUPR	666
MLGEQLFPL	0.5405	seen	VitTCR	AUROC	22
MLGEQLFPL	0.5252	seen	VitTCR	AUPR	22
MLGEQLFPL	0.563	seen	NetTCR-2.0	AUROC	22
MLGEQLFPL	0.6085	seen	NetTCR-2.0	AUPR	22
MLGEQLFPL	0.5309	seen	ERGO_AE	AUROC	22
MLGEQLFPL	0.5754	seen	ERGO_AE	AUPR	22
GILGFVFTL	0.7477	seen	VitTCR	AUROC	1682
GILGFVFTL	0.7843	seen	VitTCR	AUPR	1682
GILGFVFTL	0.6584	seen	NetTCR-2.0	AUROC	1682
GILGFVFTL	0.6306	seen	NetTCR-2.0	AUPR	1682
GILGFVFTL	0.6976	seen	ERGO_AE	AUROC	1682
GILGFVFTL	0.6887	seen	ERGO_AE	AUPR	1682
RLSDFSEQL	0.5527	seen	VitTCR	AUROC	14
RLSDFSEQL	0.5717	seen	VitTCR	AUPR	14
RLSDFSEQL	0.5029	seen	NetTCR-2.0	AUROC	14
RLSDFSEQL	0.5474	seen	NetTCR-2.0	AUPR	14
RLSDFSEQL	0.5943	seen	ERGO_AE	AUROC	14
RLSDFSEQL	0.652	seen	ERGO_AE	AUPR	14
GLCTLVAML	0.6774	seen	VitTCR	AUROC	562
GLCTLVAML	0.7119	seen	VitTCR	AUPR	562
GLCTLVAML	0.6833	seen	NetTCR-2.0	AUROC	562
GLCTLVAML	0.7105	seen	NetTCR-2.0	AUPR	562
GLCTLVAML	0.6377	seen	ERGO_AE	AUROC	562
GLCTLVAML	0.6594	seen	ERGO_AE	AUPR	562
WVLALFDEV	0.96	seen	VitTCR	AUROC	2
WVLALFDEV	0.97	seen	VitTCR	AUPR	2
WVLALFDEV	0.2	seen	NetTCR-2.0	AUROC	2
WVLALFDEV	0.4	seen	NetTCR-2.0	AUPR	2
WVLALFDEV	0.16	seen	ERGO_AE	AUROC	2
WVLALFDEV	0.37	seen	ERGO_AE	AUPR	2
SLLMWITQC	0.84	seen	VitTCR	AUROC	2
SLLMWITQC	0.88	seen	VitTCR	AUPR	2
SLLMWITQC	0.96	seen	NetTCR-2.0	AUROC	2
SLLMWITQC	0.97	seen	NetTCR-2.0	AUPR	2
SLLMWITQC	0.64	seen	ERGO_AE	AUROC	2
SLLMWITQC	0.73	seen	ERGO_AE	AUPR	2
RLQSLQTYV	0.5589	seen	VitTCR	AUROC	12
RLQSLQTYV	0.5808	seen	VitTCR	AUPR	12
RLQSLQTYV	0.5556	seen	NetTCR-2.0	AUROC	12
RLQSLQTYV	0.6128	seen	NetTCR-2.0	AUPR	12
RLQSLQTYV	0.5389	seen	ERGO_AE	AUROC	12
RLQSLQTYV	0.5903	seen	ERGO_AE	AUPR	12
RMFPNAPYL	0.763	seen	VitTCR	AUROC	18
RMFPNAPYL	0.75	seen	VitTCR	AUPR	18
RMFPNAPYL	0.6889	seen	NetTCR-2.0	AUROC	18
RMFPNAPYL	0.7265	seen	NetTCR-2.0	AUPR	18
RMFPNAPYL	0.6311	seen	ERGO_AE	AUROC	18
RMFPNAPYL	0.6772	seen	ERGO_AE	AUPR	18
IMDQVPFSV	0.5822	seen	VitTCR	AUROC	30
IMDQVPFSV	0.6009	seen	VitTCR	AUPR	30
IMDQVPFSV	0.5316	seen	NetTCR-2.0	AUROC	30
IMDQVPFSV	0.5666	seen	NetTCR-2.0	AUPR	30
IMDQVPFSV	0.449	seen	ERGO_AE	AUROC	30
IMDQVPFSV	0.4821	seen	ERGO_AE	AUPR	30
SLLMWITQV	0.5828	seen	VitTCR	AUROC	20
SLLMWITQV	0.6053	seen	VitTCR	AUPR	20
SLLMWITQV	0.654	seen	NetTCR-2.0	AUROC	20
SLLMWITQV	0.704	seen	NetTCR-2.0	AUPR	20
SLLMWITQV	0.5804	seen	ERGO_AE	AUROC	20
SLLMWITQV	0.641	seen	ERGO_AE	AUPR	20
MLYQHLLPL	0.48	seen	VitTCR	AUROC	2
MLYQHLLPL	0.61	seen	VitTCR	AUPR	2
MLYQHLLPL	0.0	seen	NetTCR-2.0	AUROC	2
MLYQHLLPL	0.25	seen	NetTCR-2.0	AUPR	2
MLYQHLLPL	0.04	seen	ERGO_AE	AUROC	2
MLYQHLLPL	0.28	seen	ERGO_AE	AUPR	2
KLFEFLVYGV	0.71	seen	VitTCR	AUROC	4
KLFEFLVYGV	0.7633	seen	VitTCR	AUPR	4
KLFEFLVYGV	0.74	seen	NetTCR-2.0	AUROC	4
KLFEFLVYGV	0.73	seen	NetTCR-2.0	AUPR	4
KLFEFLVYGV	0.66	seen	ERGO_AE	AUROC	4
KLFEFLVYGV	0.6217	seen	ERGO_AE	AUPR	4
NLNCCSVPV	0.88	seen	VitTCR	AUROC	6
NLNCCSVPV	0.8939	seen	VitTCR	AUPR	6
NLNCCSVPV	0.8933	seen	NetTCR-2.0	AUROC	6
NLNCCSVPV	0.9069	seen	NetTCR-2.0	AUPR	6
NLNCCSVPV	0.8222	seen	ERGO_AE	AUROC	6
NLNCCSVPV	0.8914	seen	ERGO_AE	AUPR	6
YILKYSVFL	0.6377	seen	VitTCR	AUROC	22
YILKYSVFL	0.6228	seen	VitTCR	AUPR	22
YILKYSVFL	0.7359	seen	NetTCR-2.0	AUROC	22
YILKYSVFL	0.7324	seen	NetTCR-2.0	AUPR	22
YILKYSVFL	0.6321	seen	ERGO_AE	AUROC	22
YILKYSVFL	0.6222	seen	ERGO_AE	AUPR	22
FLIYLDVSV	0.4133	seen	VitTCR	AUROC	6
FLIYLDVSV	0.4704	seen	VitTCR	AUPR	6
FLIYLDVSV	0.3022	seen	NetTCR-2.0	AUROC	6
FLIYLDVSV	0.4278	seen	NetTCR-2.0	AUPR	6
FLIYLDVSV	0.4933	seen	ERGO_AE	AUROC	6
FLIYLDVSV	0.5204	seen	ERGO_AE	AUPR	6
FLDEFMEGV	0.82	seen	VitTCR	AUROC	4
FLDEFMEGV	0.875	seen	VitTCR	AUPR	4
FLDEFMEGV	0.65	seen	NetTCR-2.0	AUROC	4
FLDEFMEGV	0.7733	seen	NetTCR-2.0	AUPR	4
FLDEFMEGV	0.71	seen	ERGO_AE	AUROC	4
FLDEFMEGV	0.8083	seen	ERGO_AE	AUPR	4
AVGSYVYSV	0.66	seen	VitTCR	AUROC	4
AVGSYVYSV	0.7233	seen	VitTCR	AUPR	4
AVGSYVYSV	0.54	seen	NetTCR-2.0	AUROC	4
AVGSYVYSV	0.6333	seen	NetTCR-2.0	AUPR	4
AVGSYVYSV	0.66	seen	ERGO_AE	AUROC	4
AVGSYVYSV	0.775	seen	ERGO_AE	AUPR	4
AAGIGILTV	0.5733	seen	VitTCR	AUROC	6
AAGIGILTV	0.6482	seen	VitTCR	AUPR	6
AAGIGILTV	0.5511	seen	NetTCR-2.0	AUROC	6
AAGIGILTV	0.6271	seen	NetTCR-2.0	AUPR	6
AAGIGILTV	0.5067	seen	ERGO_AE	AUROC	6
AAGIGILTV	0.5699	seen	ERGO_AE	AUPR	6
YLEPGPVTA	0.8075	seen	VitTCR	AUROC	8
YLEPGPVTA	0.8293	seen	VitTCR	AUPR	8
YLEPGPVTA	0.4925	seen	NetTCR-2.0	AUROC	8
YLEPGPVTA	0.518	seen	NetTCR-2.0	AUPR	8
YLEPGPVTA	0.665	seen	ERGO_AE	AUROC	8
YLEPGPVTA	0.6255	seen	ERGO_AE	AUPR	8
SLLRSLENV	0.4844	seen	VitTCR	AUROC	20
SLLRSLENV	0.5048	seen	VitTCR	AUPR	20
SLLRSLENV	0.4184	seen	NetTCR-2.0	AUROC	20
SLLRSLENV	0.4448	seen	NetTCR-2.0	AUPR	20
SLLRSLENV	0.4136	seen	ERGO_AE	AUROC	20
SLLRSLENV	0.4708	seen	ERGO_AE	AUPR	20
ITDQVPFSV	0.72	seen	VitTCR	AUROC	4
ITDQVPFSV	0.745	seen	VitTCR	AUPR	4
ITDQVPFSV	0.75	seen	NetTCR-2.0	AUROC	4
ITDQVPFSV	0.78	seen	NetTCR-2.0	AUPR	4
ITDQVPFSV	0.65	seen	ERGO_AE	AUROC	4
ITDQVPFSV	0.675	seen	ERGO_AE	AUPR	4
FLYNLLTRV	0.72	seen	VitTCR	AUROC	8
FLYNLLTRV	0.7392	seen	VitTCR	AUPR	8
FLYNLLTRV	0.41	seen	NetTCR-2.0	AUROC	8
FLYNLLTRV	0.4931	seen	NetTCR-2.0	AUPR	8
FLYNLLTRV	0.7075	seen	ERGO_AE	AUROC	8
FLYNLLTRV	0.653	seen	ERGO_AE	AUPR	8
CVNGSCFTV	0.76	seen	VitTCR	AUROC	2
CVNGSCFTV	0.82	seen	VitTCR	AUPR	2
CVNGSCFTV	0.72	seen	NetTCR-2.0	AUROC	2
CVNGSCFTV	0.79	seen	NetTCR-2.0	AUPR	2
CVNGSCFTV	0.92	seen	ERGO_AE	AUROC	2
CVNGSCFTV	0.94	seen	ERGO_AE	AUPR	2
KLVALGINAV	0.73	seen	VitTCR	AUROC	4
KLVALGINAV	0.7733	seen	VitTCR	AUPR	4
KLVALGINAV	0.77	seen	NetTCR-2.0	AUROC	4
KLVALGINAV	0.7917	seen	NetTCR-2.0	AUPR	4
KLVALGINAV	0.7	seen	ERGO_AE	AUROC	4
KLVALGINAV	0.6633	seen	ERGO_AE	AUPR	4
QMAPISAMV	0.86	unseen	VitTCR	AUROC	4
QMAPISAMV	0.8733	unseen	VitTCR	AUPR	4
QMAPISAMV	0.59	unseen	NetTCR-2.0	AUROC	4
QMAPISAMV	0.6817	unseen	NetTCR-2.0	AUPR	4
QMAPISAMV	0.83	unseen	ERGO_AE	AUROC	4
QMAPISAMV	0.8433	unseen	ERGO_AE	AUPR	4
LLSAGIFGA	0.84	unseen	VitTCR	AUROC	2
LLSAGIFGA	0.88	unseen	VitTCR	AUPR	2
LLSAGIFGA	0.8	unseen	NetTCR-2.0	AUROC	2
LLSAGIFGA	0.85	unseen	NetTCR-2.0	AUPR	2
LLSAGIFGA	0.68	unseen	ERGO_AE	AUROC	2
LLSAGIFGA	0.76	unseen	ERGO_AE	AUPR	2
VQMAPISAM	0.88	unseen	VitTCR	AUROC	2
VQMAPISAM	0.91	unseen	VitTCR	AUPR	2
VQMAPISAM	1.0	unseen	NetTCR-2.0	AUROC	2
VQMAPISAM	1.0	unseen	NetTCR-2.0	AUPR	2
VQMAPISAM	0.88	unseen	ERGO_AE	AUROC	2
VQMAPISAM	0.91	unseen	ERGO_AE	AUPR	2
RLPGVLPRA	0.5654	unseen	VitTCR	AUROC	94
RLPGVLPRA	0.5681	unseen	VitTCR	AUPR	94
RLPGVLPRA	0.5311	unseen	NetTCR-2.0	AUROC	94
RLPGVLPRA	0.5514	unseen	NetTCR-2.0	AUPR	94
RLPGVLPRA	0.5992	unseen	ERGO_AE	AUROC	94
RLPGVLPRA	0.6045	unseen	ERGO_AE	AUPR	94
FLYALALLL	0.651	unseen	VitTCR	AUROC	56
FLYALALLL	0.6068	unseen	VitTCR	AUPR	56
FLYALALLL	0.5105	unseen	NetTCR-2.0	AUROC	56
FLYALALLL	0.4874	unseen	NetTCR-2.0	AUPR	56
FLYALALLL	0.5909	unseen	ERGO_AE	AUROC	56
FLYALALLL	0.5699	unseen	ERGO_AE	AUPR	56
YLNDHLEPWI	0.6286	unseen	VitTCR	AUROC	14
YLNDHLEPWI	0.6409	unseen	VitTCR	AUPR	14
YLNDHLEPWI	0.6082	unseen	NetTCR-2.0	AUROC	14
YLNDHLEPWI	0.6694	unseen	NetTCR-2.0	AUPR	14
YLNDHLEPWI	0.6122	unseen	ERGO_AE	AUROC	14
YLNDHLEPWI	0.6489	unseen	ERGO_AE	AUPR	14
MLAKALRKV	0.6768	unseen	VitTCR	AUROC	10
MLAKALRKV	0.7175	unseen	VitTCR	AUPR	10
MLAKALRKV	0.5968	unseen	NetTCR-2.0	AUROC	10
MLAKALRKV	0.6298	unseen	NetTCR-2.0	AUPR	10
MLAKALRKV	0.6112	unseen	ERGO_AE	AUROC	10
MLAKALRKV	0.6809	unseen	ERGO_AE	AUPR	10
WLDMVDTSL	0.88	unseen	VitTCR	AUROC	6
WLDMVDTSL	0.8641	unseen	VitTCR	AUPR	6
WLDMVDTSL	0.4044	unseen	NetTCR-2.0	AUROC	6
WLDMVDTSL	0.4362	unseen	NetTCR-2.0	AUPR	6
WLDMVDTSL	0.5911	unseen	ERGO_AE	AUROC	6
WLDMVDTSL	0.6311	unseen	ERGO_AE	AUPR	6
SLYNTVATL	0.6266	unseen	VitTCR	AUROC	76
SLYNTVATL	0.6202	unseen	VitTCR	AUPR	76
SLYNTVATL	0.6173	unseen	NetTCR-2.0	AUROC	76
SLYNTVATL	0.623	unseen	NetTCR-2.0	AUPR	76
SLYNTVATL	0.5627	unseen	ERGO_AE	AUROC	76
SLYNTVATL	0.5742	unseen	ERGO_AE	AUPR	76
LLDDFVEII	0.4531	unseen	VitTCR	AUROC	14
LLDDFVEII	0.5041	unseen	VitTCR	AUPR	14
LLDDFVEII	0.4278	unseen	NetTCR-2.0	AUROC	14
LLDDFVEII	0.4464	unseen	NetTCR-2.0	AUPR	14
LLDDFVEII	0.4539	unseen	ERGO_AE	AUROC	14
LLDDFVEII	0.4756	unseen	ERGO_AE	AUPR	14
SLFNTVATL	0.6	unseen	VitTCR	AUROC	10
SLFNTVATL	0.5815	unseen	VitTCR	AUPR	10
SLFNTVATL	0.6976	unseen	NetTCR-2.0	AUROC	10
SLFNTVATL	0.6894	unseen	NetTCR-2.0	AUPR	10
SLFNTVATL	0.5232	unseen	ERGO_AE	AUROC	10
SLFNTVATL	0.5616	unseen	ERGO_AE	AUPR	10
WLTNIFGTV	0.8	unseen	VitTCR	AUROC	4
WLTNIFGTV	0.815	unseen	VitTCR	AUPR	4
WLTNIFGTV	0.89	unseen	NetTCR-2.0	AUROC	4
WLTNIFGTV	0.9133	unseen	NetTCR-2.0	AUPR	4
WLTNIFGTV	0.78	unseen	ERGO_AE	AUROC	4
WLTNIFGTV	0.8367	unseen	ERGO_AE	AUPR	4
FLGKIWPSHK	0.5536	unseen	VitTCR	AUROC	18
FLGKIWPSHK	0.5517	unseen	VitTCR	AUPR	18
FLGKIWPSHK	0.556	unseen	NetTCR-2.0	AUROC	18
FLGKIWPSHK	0.545	unseen	NetTCR-2.0	AUPR	18
FLGKIWPSHK	0.4321	unseen	ERGO_AE	AUROC	18
FLGKIWPSHK	0.4493	unseen	ERGO_AE	AUPR	18
AIFYLITPV	0.4797	unseen	VitTCR	AUROC	22
AIFYLITPV	0.5273	unseen	VitTCR	AUPR	22
AIFYLITPV	0.3435	unseen	NetTCR-2.0	AUROC	22
AIFYLITPV	0.42	unseen	NetTCR-2.0	AUPR	22
AIFYLITPV	0.478	unseen	ERGO_AE	AUROC	22
AIFYLITPV	0.4933	unseen	ERGO_AE	AUPR	22
AMQTMLFTM	0.58	unseen	VitTCR	AUROC	8
AMQTMLFTM	0.642	unseen	VitTCR	AUPR	8
AMQTMLFTM	0.5175	unseen	NetTCR-2.0	AUROC	8
AMQTMLFTM	0.6366	unseen	NetTCR-2.0	AUPR	8
AMQTMLFTM	0.415	unseen	ERGO_AE	AUROC	8
AMQTMLFTM	0.576	unseen	ERGO_AE	AUPR	8
AVASKILGL	0.4578	unseen	VitTCR	AUROC	6
AVASKILGL	0.5291	unseen	VitTCR	AUPR	6
AVASKILGL	0.6311	unseen	NetTCR-2.0	AUROC	6
AVASKILGL	0.6223	unseen	NetTCR-2.0	AUPR	6
AVASKILGL	0.4578	unseen	ERGO_AE	AUROC	6
AVASKILGL	0.5401	unseen	ERGO_AE	AUPR	6
KTWGQYWQV	0.5961	unseen	VitTCR	AUROC	32
KTWGQYWQV	0.5916	unseen	VitTCR	AUPR	32
KTWGQYWQV	0.665	unseen	NetTCR-2.0	AUROC	32
KTWGQYWQV	0.6076	unseen	NetTCR-2.0	AUPR	32
KTWGQYWQV	0.5844	unseen	ERGO_AE	AUROC	32
KTWGQYWQV	0.5696	unseen	ERGO_AE	AUPR	32
SLLSVLLSM	0.56	unseen	VitTCR	AUROC	6
SLLSVLLSM	0.61	unseen	VitTCR	AUPR	6
SLLSVLLSM	0.56	unseen	NetTCR-2.0	AUROC	6
SLLSVLLSM	0.6047	unseen	NetTCR-2.0	AUPR	6
SLLSVLLSM	0.5733	unseen	ERGO_AE	AUROC	6
SLLSVLLSM	0.6422	unseen	ERGO_AE	AUPR	6
YLFDESGEF	0.5029	unseen	VitTCR	AUROC	14
YLFDESGEF	0.5201	unseen	VitTCR	AUPR	14
YLFDESGEF	0.569	unseen	NetTCR-2.0	AUROC	14
YLFDESGEF	0.5153	unseen	NetTCR-2.0	AUPR	14
YLFDESGEF	0.4629	unseen	ERGO_AE	AUROC	14
YLFDESGEF	0.5012	unseen	ERGO_AE	AUPR	14
TMADLVYAL	0.6128	unseen	VitTCR	AUROC	10
TMADLVYAL	0.6241	unseen	VitTCR	AUPR	10
TMADLVYAL	0.5824	unseen	NetTCR-2.0	AUROC	10
TMADLVYAL	0.5109	unseen	NetTCR-2.0	AUPR	10
TMADLVYAL	0.4672	unseen	ERGO_AE	AUROC	10
TMADLVYAL	0.5051	unseen	ERGO_AE	AUPR	10
LMDYWQGQL	0.51	unseen	VitTCR	AUROC	4
LMDYWQGQL	0.5867	unseen	VitTCR	AUPR	4
LMDYWQGQL	0.75	unseen	NetTCR-2.0	AUROC	4
LMDYWQGQL	0.8017	unseen	NetTCR-2.0	AUPR	4
LMDYWQGQL	0.29	unseen	ERGO_AE	AUROC	4
LMDYWQGQL	0.4367	unseen	ERGO_AE	AUPR	4
KMGVTYEM	0.72	unseen	VitTCR	AUROC	2
KMGVTYEM	0.79	unseen	VitTCR	AUPR	2
KMGVTYEM	0.2	unseen	NetTCR-2.0	AUROC	2
KMGVTYEM	0.4	unseen	NetTCR-2.0	AUPR	2
KMGVTYEM	0.36	unseen	ERGO_AE	AUROC	2
KMGVTYEM	0.52	unseen	ERGO_AE	AUPR	2
LPDDFMGCV	0.49	unseen	VitTCR	AUROC	12
LPDDFMGCV	0.5354	unseen	VitTCR	AUPR	12
LPDDFMGCV	0.4833	unseen	NetTCR-2.0	AUROC	12
LPDDFMGCV	0.5346	unseen	NetTCR-2.0	AUPR	12
LPDDFMGCV	0.4789	unseen	ERGO_AE	AUROC	12
LPDDFMGCV	0.5286	unseen	ERGO_AE	AUPR	12
FLASKIGRLV	0.4947	unseen	VitTCR	AUROC	68
FLASKIGRLV	0.5126	unseen	VitTCR	AUPR	68
FLASKIGRLV	0.5463	unseen	NetTCR-2.0	AUROC	68
FLASKIGRLV	0.5192	unseen	NetTCR-2.0	AUPR	68
FLASKIGRLV	0.4892	unseen	ERGO_AE	AUROC	68
FLASKIGRLV	0.4902	unseen	ERGO_AE	AUPR	68
SMGVTYEM	0.48	unseen	VitTCR	AUROC	2
SMGVTYEM	0.61	unseen	VitTCR	AUPR	2
SMGVTYEM	0.0	unseen	NetTCR-2.0	AUROC	2
SMGVTYEM	0.25	unseen	NetTCR-2.0	AUPR	2
SMGVTYEM	0.32	unseen	ERGO_AE	AUROC	2
SMGVTYEM	0.49	unseen	ERGO_AE	AUPR	2
KISEMHPAL	0.92	unseen	VitTCR	AUROC	2
KISEMHPAL	0.94	unseen	VitTCR	AUPR	2
KISEMHPAL	0.44	unseen	NetTCR-2.0	AUROC	2
KISEMHPAL	0.58	unseen	NetTCR-2.0	AUPR	2
KISEMHPAL	0.88	unseen	ERGO_AE	AUROC	2
KISEMHPAL	0.91	unseen	ERGO_AE	AUPR	2
FLVLLPLVS	0.584	unseen	VitTCR	AUROC	10
FLVLLPLVS	0.6121	unseen	VitTCR	AUPR	10
FLVLLPLVS	0.5984	unseen	NetTCR-2.0	AUROC	10
FLVLLPLVS	0.6527	unseen	NetTCR-2.0	AUPR	10
FLVLLPLVS	0.544	unseen	ERGO_AE	AUROC	10
FLVLLPLVS	0.5867	unseen	ERGO_AE	AUPR	10
VLNDILSRL	0.72	unseen	VitTCR	AUROC	4
VLNDILSRL	0.7683	unseen	VitTCR	AUPR	4
VLNDILSRL	0.51	unseen	NetTCR-2.0	AUROC	4
VLNDILSRL	0.5867	unseen	NetTCR-2.0	AUPR	4
VLNDILSRL	0.51	unseen	ERGO_AE	AUROC	4
VLNDILSRL	0.5567	unseen	ERGO_AE	AUPR	4
IVDTVSALV	0.52	unseen	VitTCR	AUROC	4
IVDTVSALV	0.5783	unseen	VitTCR	AUPR	4
IVDTVSALV	0.25	unseen	NetTCR-2.0	AUROC	4
IVDTVSALV	0.39	unseen	NetTCR-2.0	AUPR	4
IVDTVSALV	0.4	unseen	ERGO_AE	AUROC	4
IVDTVSALV	0.545	unseen	ERGO_AE	AUPR	4
LLLDRLNQL	0.6283	unseen	VitTCR	AUROC	36
LLLDRLNQL	0.5713	unseen	VitTCR	AUPR	36
LLLDRLNQL	0.5449	unseen	NetTCR-2.0	AUROC	36
LLLDRLNQL	0.5098	unseen	NetTCR-2.0	AUPR	36
LLLDRLNQL	0.6078	unseen	ERGO_AE	AUROC	36
LLLDRLNQL	0.5504	unseen	ERGO_AE	AUPR	36
RLNEVAKNL	0.48	unseen	VitTCR	AUROC	2
RLNEVAKNL	0.61	unseen	VitTCR	AUPR	2
RLNEVAKNL	0.4	unseen	NetTCR-2.0	AUROC	2
RLNEVAKNL	0.55	unseen	NetTCR-2.0	AUPR	2
RLNEVAKNL	0.24	unseen	ERGO_AE	AUROC	2
RLNEVAKNL	0.43	unseen	ERGO_AE	AUPR	2
FIASNGVKLV	0.6711	unseen	VitTCR	AUROC	6
FIASNGVKLV	0.7138	unseen	VitTCR	AUPR	6
FIASNGVKLV	0.72	unseen	NetTCR-2.0	AUROC	6
FIASNGVKLV	0.7224	unseen	NetTCR-2.0	AUPR	6
FIASNGVKLV	0.4933	unseen	ERGO_AE	AUROC	6
FIASNGVKLV	0.5729	unseen	ERGO_AE	AUPR	6
FSASTSAFV	0.5325	unseen	VitTCR	AUROC	8
FSASTSAFV	0.5349	unseen	VitTCR	AUPR	8
FSASTSAFV	0.4175	unseen	NetTCR-2.0	AUROC	8
FSASTSAFV	0.5348	unseen	NetTCR-2.0	AUPR	8
FSASTSAFV	0.4575	unseen	ERGO_AE	AUROC	8
FSASTSAFV	0.5119	unseen	ERGO_AE	AUPR	8
SLSSTASAL	0.12	unseen	VitTCR	AUROC	2
SLSSTASAL	0.34	unseen	VitTCR	AUPR	2
SLSSTASAL	0.0	unseen	NetTCR-2.0	AUROC	2
SLSSTASAL	0.25	unseen	NetTCR-2.0	AUPR	2
SLSSTASAL	0.24	unseen	ERGO_AE	AUROC	2
SLSSTASAL	0.43	unseen	ERGO_AE	AUPR	2
GLMWLSYFI	0.6425	unseen	VitTCR	AUROC	8
GLMWLSYFI	0.6722	unseen	VitTCR	AUPR	8
GLMWLSYFI	0.5425	unseen	NetTCR-2.0	AUROC	8
GLMWLSYFI	0.4882	unseen	NetTCR-2.0	AUPR	8
GLMWLSYFI	0.595	unseen	ERGO_AE	AUROC	8
GLMWLSYFI	0.6435	unseen	ERGO_AE	AUPR	8
YMRSLKVPA	0.61	unseen	VitTCR	AUROC	4
YMRSLKVPA	0.66	unseen	VitTCR	AUPR	4
YMRSLKVPA	0.41	unseen	NetTCR-2.0	AUROC	4
YMRSLKVPA	0.5733	unseen	NetTCR-2.0	AUPR	4
YMRSLKVPA	0.6	unseen	ERGO_AE	AUROC	4
YMRSLKVPA	0.745	unseen	ERGO_AE	AUPR	4
KITEHSWNA	0.5104	unseen	VitTCR	AUROC	10
KITEHSWNA	0.587	unseen	VitTCR	AUPR	10
KITEHSWNA	0.24	unseen	NetTCR-2.0	AUROC	10
KITEHSWNA	0.3974	unseen	NetTCR-2.0	AUPR	10
KITEHSWNA	0.488	unseen	ERGO_AE	AUROC	10
KITEHSWNA	0.5031	unseen	ERGO_AE	AUPR	10
ELAGIGLTV	0.8288	unseen	VitTCR	AUROC	22
ELAGIGLTV	0.8314	unseen	VitTCR	AUPR	22
ELAGIGLTV	0.714	unseen	NetTCR-2.0	AUROC	22
ELAGIGLTV	0.6809	unseen	NetTCR-2.0	AUPR	22
ELAGIGLTV	0.7514	unseen	ERGO_AE	AUROC	22
ELAGIGLTV	0.7447	unseen	ERGO_AE	AUPR	22
TLMNVLTLV	0.5967	unseen	VitTCR	AUROC	26
TLMNVLTLV	0.6096	unseen	VitTCR	AUPR	26
TLMNVLTLV	0.5098	unseen	NetTCR-2.0	AUROC	26
TLMNVLTLV	0.5003	unseen	NetTCR-2.0	AUPR	26
TLMNVLTLV	0.5392	unseen	ERGO_AE	AUROC	26
TLMNVLTLV	0.5311	unseen	ERGO_AE	AUPR	26
LLDFVRFMGV	0.5887	unseen	VitTCR	AUROC	42
LLDFVRFMGV	0.5964	unseen	VitTCR	AUPR	42
LLDFVRFMGV	0.529	unseen	NetTCR-2.0	AUROC	42
LLDFVRFMGV	0.5923	unseen	NetTCR-2.0	AUPR	42
LLDFVRFMGV	0.5509	unseen	ERGO_AE	AUROC	42
LLDFVRFMGV	0.593	unseen	ERGO_AE	AUPR	42
TTIQTIVEV	0.5278	unseen	VitTCR	AUROC	12
TTIQTIVEV	0.5558	unseen	VitTCR	AUPR	12
TTIQTIVEV	0.4667	unseen	NetTCR-2.0	AUROC	12
TTIQTIVEV	0.4725	unseen	NetTCR-2.0	AUPR	12
TTIQTIVEV	0.6744	unseen	ERGO_AE	AUROC	12
TTIQTIVEV	0.675	unseen	ERGO_AE	AUPR	12
GILEFVFTL	1.0	unseen	VitTCR	AUROC	2
GILEFVFTL	1.0	unseen	VitTCR	AUPR	2
GILEFVFTL	0.92	unseen	NetTCR-2.0	AUROC	2
GILEFVFTL	0.94	unseen	NetTCR-2.0	AUPR	2
GILEFVFTL	1.0	unseen	ERGO_AE	AUROC	2
GILEFVFTL	1.0	unseen	ERGO_AE	AUPR	2
TTLNDFNLV	0.48	unseen	VitTCR	AUROC	2
TTLNDFNLV	0.61	unseen	VitTCR	AUPR	2
TTLNDFNLV	0.72	unseen	NetTCR-2.0	AUROC	2
TTLNDFNLV	0.79	unseen	NetTCR-2.0	AUPR	2
TTLNDFNLV	0.4	unseen	ERGO_AE	AUROC	2
TTLNDFNLV	0.55	unseen	ERGO_AE	AUPR	2
MLDLQPETT	0.5518	unseen	VitTCR	AUROC	28
MLDLQPETT	0.5341	unseen	VitTCR	AUPR	28
MLDLQPETT	0.5037	unseen	NetTCR-2.0	AUROC	28
MLDLQPETT	0.556	unseen	NetTCR-2.0	AUPR	28
MLDLQPETT	0.4476	unseen	ERGO_AE	AUROC	28
MLDLQPETT	0.4513	unseen	ERGO_AE	AUPR	28
KLTESLHKV	0.48	unseen	VitTCR	AUROC	2
KLTESLHKV	0.61	unseen	VitTCR	AUPR	2
KLTESLHKV	0.72	unseen	NetTCR-2.0	AUROC	2
KLTESLHKV	0.79	unseen	NetTCR-2.0	AUPR	2
KLTESLHKV	0.48	unseen	ERGO_AE	AUROC	2
KLTESLHKV	0.61	unseen	ERGO_AE	AUPR	2
KVYPIILRL	0.5175	unseen	VitTCR	AUROC	24
KVYPIILRL	0.5676	unseen	VitTCR	AUPR	24
KVYPIILRL	0.4297	unseen	NetTCR-2.0	AUROC	24
KVYPIILRL	0.4654	unseen	NetTCR-2.0	AUPR	24
KVYPIILRL	0.4958	unseen	ERGO_AE	AUROC	24
KVYPIILRL	0.5365	unseen	ERGO_AE	AUPR	24
CLEASFNYL	0.4267	unseen	VitTCR	AUROC	6
CLEASFNYL	0.5008	unseen	VitTCR	AUPR	6
CLEASFNYL	0.12	unseen	NetTCR-2.0	AUROC	6
CLEASFNYL	0.3496	unseen	NetTCR-2.0	AUPR	6
CLEASFNYL	0.2667	unseen	ERGO_AE	AUROC	6
CLEASFNYL	0.4104	unseen	ERGO_AE	AUPR	6
RLGPVQNEV	0.4828	unseen	VitTCR	AUROC	20
RLGPVQNEV	0.5543	unseen	VitTCR	AUPR	20
RLGPVQNEV	0.5844	unseen	NetTCR-2.0	AUROC	20
RLGPVQNEV	0.5592	unseen	NetTCR-2.0	AUPR	20
RLGPVQNEV	0.4636	unseen	ERGO_AE	AUROC	20
RLGPVQNEV	0.4608	unseen	ERGO_AE	AUPR	20
KLKDCVMYA	0.6569	unseen	VitTCR	AUROC	16
KLKDCVMYA	0.6614	unseen	VitTCR	AUPR	16
KLKDCVMYA	0.6663	unseen	NetTCR-2.0	AUROC	16
KLKDCVMYA	0.6842	unseen	NetTCR-2.0	AUPR	16
KLKDCVMYA	0.5487	unseen	ERGO_AE	AUROC	16
KLKDCVMYA	0.5382	unseen	ERGO_AE	AUPR	16
SLPGVFCGV	0.425	unseen	VitTCR	AUROC	8
SLPGVFCGV	0.4794	unseen	VitTCR	AUPR	8
SLPGVFCGV	0.3775	unseen	NetTCR-2.0	AUROC	8
SLPGVFCGV	0.4417	unseen	NetTCR-2.0	AUPR	8
SLPGVFCGV	0.375	unseen	ERGO_AE	AUROC	8
SLPGVFCGV	0.4198	unseen	ERGO_AE	AUPR	8
KQLSSNFGA	0.3644	unseen	VitTCR	AUROC	6
KQLSSNFGA	0.4414	unseen	VitTCR	AUPR	6
KQLSSNFGA	0.1244	unseen	NetTCR-2.0	AUROC	6
KQLSSNFGA	0.3238	unseen	NetTCR-2.0	AUPR	6
KQLSSNFGA	0.4089	unseen	ERGO_AE	AUROC	6
KQLSSNFGA	0.4408	unseen	ERGO_AE	AUPR	6
SLLVLVQST	0.76	unseen	VitTCR	AUROC	2
SLLVLVQST	0.82	unseen	VitTCR	AUPR	2
SLLVLVQST	0.08	unseen	NetTCR-2.0	AUROC	2
SLLVLVQST	0.31	unseen	NetTCR-2.0	AUPR	2
SLLVLVQST	0.28	unseen	ERGO_AE	AUROC	2
SLLVLVQST	0.46	unseen	ERGO_AE	AUPR	2
ILGFVFTLT	0.5249	unseen	VitTCR	AUROC	14
ILGFVFTLT	0.5237	unseen	VitTCR	AUPR	14
ILGFVFTLT	0.5976	unseen	NetTCR-2.0	AUROC	14
ILGFVFTLT	0.5367	unseen	NetTCR-2.0	AUPR	14
ILGFVFTLT	0.4473	unseen	ERGO_AE	AUROC	14
ILGFVFTLT	0.4528	unseen	ERGO_AE	AUPR	14
KDPQFKDNV	0.72	unseen	VitTCR	AUROC	2
KDPQFKDNV	0.79	unseen	VitTCR	AUPR	2
KDPQFKDNV	0.84	unseen	NetTCR-2.0	AUROC	2
KDPQFKDNV	0.88	unseen	NetTCR-2.0	AUPR	2
KDPQFKDNV	0.72	unseen	ERGO_AE	AUROC	2
KDPQFKDNV	0.79	unseen	ERGO_AE	AUPR	2
KLDGFMGRI	0.6416	unseen	VitTCR	AUROC	10
KLDGFMGRI	0.6403	unseen	VitTCR	AUPR	10
KLDGFMGRI	0.5264	unseen	NetTCR-2.0	AUROC	10
KLDGFMGRI	0.4947	unseen	NetTCR-2.0	AUPR	10
KLDGFMGRI	0.472	unseen	ERGO_AE	AUROC	10
KLDGFMGRI	0.5472	unseen	ERGO_AE	AUPR	10
GVYDYLVST	0.5275	unseen	VitTCR	AUROC	8
GVYDYLVST	0.5442	unseen	VitTCR	AUPR	8
GVYDYLVST	0.47	unseen	NetTCR-2.0	AUROC	8
GVYDYLVST	0.5189	unseen	NetTCR-2.0	AUPR	8
GVYDYLVST	0.4425	unseen	ERGO_AE	AUROC	8
GVYDYLVST	0.4446	unseen	ERGO_AE	AUPR	8
KLASHMYCS	0.41	unseen	VitTCR	AUROC	4
KLASHMYCS	0.5017	unseen	VitTCR	AUPR	4
KLASHMYCS	0.63	unseen	NetTCR-2.0	AUROC	4
KLASHMYCS	0.6267	unseen	NetTCR-2.0	AUPR	4
KLASHMYCS	0.4	unseen	ERGO_AE	AUROC	4
KLASHMYCS	0.5117	unseen	ERGO_AE	AUPR	4
CLLGTYTQDV	0.5778	unseen	VitTCR	AUROC	6
CLLGTYTQDV	0.6316	unseen	VitTCR	AUPR	6
CLLGTYTQDV	0.5556	unseen	NetTCR-2.0	AUROC	6
CLLGTYTQDV	0.6734	unseen	NetTCR-2.0	AUPR	6
CLLGTYTQDV	0.6578	unseen	ERGO_AE	AUROC	6
CLLGTYTQDV	0.7163	unseen	ERGO_AE	AUPR	6
ELTSMKYFV	0.4832	unseen	VitTCR	AUROC	10
ELTSMKYFV	0.5554	unseen	VitTCR	AUPR	10
ELTSMKYFV	0.592	unseen	NetTCR-2.0	AUROC	10
ELTSMKYFV	0.6069	unseen	NetTCR-2.0	AUPR	10
ELTSMKYFV	0.4496	unseen	ERGO_AE	AUROC	10
ELTSMKYFV	0.4816	unseen	ERGO_AE	AUPR	10
VFLVLLPLV	0.4788	unseen	VitTCR	AUROC	20
VFLVLLPLV	0.5503	unseen	VitTCR	AUPR	20
VFLVLLPLV	0.458	unseen	NetTCR-2.0	AUROC	20
VFLVLLPLV	0.5069	unseen	NetTCR-2.0	AUPR	20
VFLVLLPLV	0.5016	unseen	ERGO_AE	AUROC	20
VFLVLLPLV	0.5407	unseen	ERGO_AE	AUPR	20
NVLTLVYKV	0.81	unseen	VitTCR	AUROC	4
NVLTLVYKV	0.8617	unseen	VitTCR	AUPR	4
NVLTLVYKV	0.95	unseen	NetTCR-2.0	AUROC	4
NVLTLVYKV	0.9517	unseen	NetTCR-2.0	AUPR	4
NVLTLVYKV	0.7	unseen	ERGO_AE	AUROC	4
NVLTLVYKV	0.7633	unseen	ERGO_AE	AUPR	4
FLGRYMSAL	0.56	unseen	VitTCR	AUROC	2
FLGRYMSAL	0.67	unseen	VitTCR	AUPR	2
FLGRYMSAL	0.68	unseen	NetTCR-2.0	AUROC	2
FLGRYMSAL	0.76	unseen	NetTCR-2.0	AUPR	2
FLGRYMSAL	0.52	unseen	ERGO_AE	AUROC	2
FLGRYMSAL	0.64	unseen	ERGO_AE	AUPR	2
SMDWFQGQM	0.56	unseen	VitTCR	AUROC	4
SMDWFQGQM	0.5817	unseen	VitTCR	AUPR	4
SMDWFQGQM	0.45	unseen	NetTCR-2.0	AUROC	4
SMDWFQGQM	0.5267	unseen	NetTCR-2.0	AUPR	4
SMDWFQGQM	0.21	unseen	ERGO_AE	AUROC	4
SMDWFQGQM	0.3383	unseen	ERGO_AE	AUPR	4
SMMILSDDA	0.5211	unseen	VitTCR	AUROC	12
SMMILSDDA	0.5851	unseen	VitTCR	AUPR	12
SMMILSDDA	0.4411	unseen	NetTCR-2.0	AUROC	12
SMMILSDDA	0.5275	unseen	NetTCR-2.0	AUPR	12
SMMILSDDA	0.6022	unseen	ERGO_AE	AUROC	12
SMMILSDDA	0.6471	unseen	ERGO_AE	AUPR	12
WLLWPVTLA	0.5236	unseen	VitTCR	AUROC	32
WLLWPVTLA	0.5357	unseen	VitTCR	AUPR	32
WLLWPVTLA	0.5202	unseen	NetTCR-2.0	AUROC	32
WLLWPVTLA	0.5184	unseen	NetTCR-2.0	AUPR	32
WLLWPVTLA	0.5433	unseen	ERGO_AE	AUROC	32
WLLWPVTLA	0.5483	unseen	ERGO_AE	AUPR	32
KLYGLDWAEL	0.3022	unseen	VitTCR	AUROC	6
KLYGLDWAEL	0.4323	unseen	VitTCR	AUPR	6
KLYGLDWAEL	0.1956	unseen	NetTCR-2.0	AUROC	6
KLYGLDWAEL	0.3499	unseen	NetTCR-2.0	AUPR	6
KLYGLDWAEL	0.2311	unseen	ERGO_AE	AUROC	6
KLYGLDWAEL	0.425	unseen	ERGO_AE	AUPR	6
KLNIKLLGV	0.5525	unseen	VitTCR	AUROC	8
KLNIKLLGV	0.5987	unseen	VitTCR	AUPR	8
KLNIKLLGV	0.42	unseen	NetTCR-2.0	AUROC	8
KLNIKLLGV	0.5553	unseen	NetTCR-2.0	AUPR	8
KLNIKLLGV	0.6325	unseen	ERGO_AE	AUROC	8
KLNIKLLGV	0.716	unseen	ERGO_AE	AUPR	8
QLEMELTPV	0.17	unseen	VitTCR	AUROC	4
QLEMELTPV	0.3483	unseen	VitTCR	AUPR	4
QLEMELTPV	0.04	unseen	NetTCR-2.0	AUROC	4
QLEMELTPV	0.2983	unseen	NetTCR-2.0	AUPR	4
QLEMELTPV	0.26	unseen	ERGO_AE	AUROC	4
QLEMELTPV	0.4167	unseen	ERGO_AE	AUPR	4
TIVEVQPQL	0.5511	unseen	VitTCR	AUROC	6
TIVEVQPQL	0.6423	unseen	VitTCR	AUPR	6
TIVEVQPQL	0.5244	unseen	NetTCR-2.0	AUROC	6
TIVEVQPQL	0.5526	unseen	NetTCR-2.0	AUPR	6
TIVEVQPQL	0.4489	unseen	ERGO_AE	AUROC	6
TIVEVQPQL	0.4529	unseen	ERGO_AE	AUPR	6
KIILFLALI	0.57	unseen	VitTCR	AUROC	4
KIILFLALI	0.615	unseen	VitTCR	AUPR	4
KIILFLALI	0.71	unseen	NetTCR-2.0	AUROC	4
KIILFLALI	0.7367	unseen	NetTCR-2.0	AUPR	4
KIILFLALI	0.4	unseen	ERGO_AE	AUROC	4
KIILFLALI	0.55	unseen	ERGO_AE	AUPR	4
YVWKSYVHV	0.4553	unseen	VitTCR	AUROC	18
YVWKSYVHV	0.491	unseen	VitTCR	AUPR	18
YVWKSYVHV	0.4696	unseen	NetTCR-2.0	AUROC	18
YVWKSYVHV	0.5036	unseen	NetTCR-2.0	AUPR	18
YVWKSYVHV	0.4375	unseen	ERGO_AE	AUROC	18
YVWKSYVHV	0.4809	unseen	ERGO_AE	AUPR	18
IVNSVLLFL	0.8	unseen	VitTCR	AUROC	2
IVNSVLLFL	0.85	unseen	VitTCR	AUPR	2
IVNSVLLFL	0.72	unseen	NetTCR-2.0	AUROC	2
IVNSVLLFL	0.79	unseen	NetTCR-2.0	AUPR	2
IVNSVLLFL	0.88	unseen	ERGO_AE	AUROC	2
IVNSVLLFL	0.91	unseen	ERGO_AE	AUPR	2
NVILLNKHI	0.64	unseen	VitTCR	AUROC	4
NVILLNKHI	0.71	unseen	VitTCR	AUPR	4
NVILLNKHI	0.77	unseen	NetTCR-2.0	AUROC	4
NVILLNKHI	0.8217	unseen	NetTCR-2.0	AUPR	4
NVILLNKHI	0.62	unseen	ERGO_AE	AUROC	4
NVILLNKHI	0.7467	unseen	ERGO_AE	AUPR	4
IQPGQTFSV	0.44	unseen	VitTCR	AUROC	2
IQPGQTFSV	0.58	unseen	VitTCR	AUPR	2
IQPGQTFSV	0.24	unseen	NetTCR-2.0	AUROC	2
IQPGQTFSV	0.43	unseen	NetTCR-2.0	AUPR	2
IQPGQTFSV	0.28	unseen	ERGO_AE	AUROC	2
IQPGQTFSV	0.46	unseen	ERGO_AE	AUPR	2
AMMFTSDLA	0.52	unseen	VitTCR	AUROC	2
AMMFTSDLA	0.64	unseen	VitTCR	AUPR	2
AMMFTSDLA	0.6	unseen	NetTCR-2.0	AUROC	2
AMMFTSDLA	0.7	unseen	NetTCR-2.0	AUPR	2
AMMFTSDLA	0.44	unseen	ERGO_AE	AUROC	2
AMMFTSDLA	0.58	unseen	ERGO_AE	AUPR	2
YIDIGNYTV	0.44	unseen	VitTCR	AUROC	6
YIDIGNYTV	0.5439	unseen	VitTCR	AUPR	6
YIDIGNYTV	0.24	unseen	NetTCR-2.0	AUROC	6
YIDIGNYTV	0.3879	unseen	NetTCR-2.0	AUPR	6
YIDIGNYTV	0.3911	unseen	ERGO_AE	AUROC	6
YIDIGNYTV	0.4616	unseen	ERGO_AE	AUPR	6
FLNRFTTTL	0.5367	unseen	VitTCR	AUROC	12
FLNRFTTTL	0.5996	unseen	VitTCR	AUPR	12
FLNRFTTTL	0.4567	unseen	NetTCR-2.0	AUROC	12
FLNRFTTTL	0.5052	unseen	NetTCR-2.0	AUPR	12
FLNRFTTTL	0.4467	unseen	ERGO_AE	AUROC	12
FLNRFTTTL	0.5498	unseen	ERGO_AE	AUPR	12
FTVLCLTPV	0.56	unseen	VitTCR	AUROC	22
FTVLCLTPV	0.6086	unseen	VitTCR	AUPR	22
FTVLCLTPV	0.4559	unseen	NetTCR-2.0	AUROC	22
FTVLCLTPV	0.5119	unseen	NetTCR-2.0	AUPR	22
FTVLCLTPV	0.5656	unseen	ERGO_AE	AUROC	22
FTVLCLTPV	0.619	unseen	ERGO_AE	AUPR	22
RQFGPDWIVA	0.16	unseen	VitTCR	AUROC	2
RQFGPDWIVA	0.37	unseen	VitTCR	AUPR	2
RQFGPDWIVA	0.08	unseen	NetTCR-2.0	AUROC	2
RQFGPDWIVA	0.31	unseen	NetTCR-2.0	AUPR	2
RQFGPDWIVA	0.16	unseen	ERGO_AE	AUROC	2
RQFGPDWIVA	0.37	unseen	ERGO_AE	AUPR	2
LTYHGAIKL	0.2978	unseen	VitTCR	AUROC	6
LTYHGAIKL	0.4062	unseen	VitTCR	AUPR	6
LTYHGAIKL	0.2844	unseen	NetTCR-2.0	AUROC	6
LTYHGAIKL	0.3996	unseen	NetTCR-2.0	AUPR	6
LTYHGAIKL	0.5511	unseen	ERGO_AE	AUROC	6
LTYHGAIKL	0.5608	unseen	ERGO_AE	AUPR	6
YQDVNCTEV	0.7075	unseen	VitTCR	AUROC	8
YQDVNCTEV	0.7368	unseen	VitTCR	AUPR	8
YQDVNCTEV	0.7275	unseen	NetTCR-2.0	AUROC	8
YQDVNCTEV	0.7397	unseen	NetTCR-2.0	AUPR	8
YQDVNCTEV	0.5925	unseen	ERGO_AE	AUROC	8
YQDVNCTEV	0.576	unseen	ERGO_AE	AUPR	8
KQIYKTPPI	0.5249	unseen	VitTCR	AUROC	14
KQIYKTPPI	0.5652	unseen	VitTCR	AUPR	14
KQIYKTPPI	0.4735	unseen	NetTCR-2.0	AUROC	14
KQIYKTPPI	0.4814	unseen	NetTCR-2.0	AUPR	14
KQIYKTPPI	0.4204	unseen	ERGO_AE	AUROC	14
KQIYKTPPI	0.4264	unseen	ERGO_AE	AUPR	14
SIIAYTMSL	0.88	unseen	VitTCR	AUROC	2
SIIAYTMSL	0.91	unseen	VitTCR	AUPR	2
SIIAYTMSL	0.96	unseen	NetTCR-2.0	AUROC	2
SIIAYTMSL	0.97	unseen	NetTCR-2.0	AUPR	2
SIIAYTMSL	0.44	unseen	ERGO_AE	AUROC	2
SIIAYTMSL	0.58	unseen	ERGO_AE	AUPR	2
FLALCADSI	0.5812	unseen	VitTCR	AUROC	14
FLALCADSI	0.5893	unseen	VitTCR	AUPR	14
FLALCADSI	0.4482	unseen	NetTCR-2.0	AUROC	14
FLALCADSI	0.4668	unseen	NetTCR-2.0	AUPR	14
FLALCADSI	0.5331	unseen	ERGO_AE	AUROC	14
FLALCADSI	0.6053	unseen	ERGO_AE	AUPR	14
LLFLMSFTV	0.24	unseen	VitTCR	AUROC	2
LLFLMSFTV	0.43	unseen	VitTCR	AUPR	2
LLFLMSFTV	0.24	unseen	NetTCR-2.0	AUROC	2
LLFLMSFTV	0.43	unseen	NetTCR-2.0	AUPR	2
LLFLMSFTV	0.44	unseen	ERGO_AE	AUROC	2
LLFLMSFTV	0.58	unseen	ERGO_AE	AUPR	2
EMMLFDWKV	0.24	unseen	VitTCR	AUROC	2
EMMLFDWKV	0.43	unseen	VitTCR	AUPR	2
EMMLFDWKV	0.6	unseen	NetTCR-2.0	AUROC	2
EMMLFDWKV	0.7	unseen	NetTCR-2.0	AUPR	2
EMMLFDWKV	0.12	unseen	ERGO_AE	AUROC	2
EMMLFDWKV	0.34	unseen	ERGO_AE	AUPR	2
MASGGGETA	0.04	unseen	VitTCR	AUROC	2
MASGGGETA	0.28	unseen	VitTCR	AUPR	2
MASGGGETA	0.0	unseen	NetTCR-2.0	AUROC	2
MASGGGETA	0.25	unseen	NetTCR-2.0	AUPR	2
MASGGGETA	0.04	unseen	ERGO_AE	AUROC	2
MASGGGETA	0.28	unseen	ERGO_AE	AUPR	2
SLPFGWLIV	0.36	unseen	VitTCR	AUROC	2
SLPFGWLIV	0.52	unseen	VitTCR	AUPR	2
SLPFGWLIV	0.16	unseen	NetTCR-2.0	AUROC	2
SLPFGWLIV	0.37	unseen	NetTCR-2.0	AUPR	2
SLPFGWLIV	0.24	unseen	ERGO_AE	AUROC	2
SLPFGWLIV	0.43	unseen	ERGO_AE	AUPR	2
FLYENAFLP	0.52	unseen	VitTCR	AUROC	2
FLYENAFLP	0.64	unseen	VitTCR	AUPR	2
FLYENAFLP	0.84	unseen	NetTCR-2.0	AUROC	2
FLYENAFLP	0.88	unseen	NetTCR-2.0	AUPR	2
FLYENAFLP	0.44	unseen	ERGO_AE	AUROC	2
FLYENAFLP	0.58	unseen	ERGO_AE	AUPR	2
TLIGDCATV	0.68	unseen	VitTCR	AUROC	2
TLIGDCATV	0.76	unseen	VitTCR	AUPR	2
TLIGDCATV	0.52	unseen	NetTCR-2.0	AUROC	2
TLIGDCATV	0.64	unseen	NetTCR-2.0	AUPR	2
TLIGDCATV	0.36	unseen	ERGO_AE	AUROC	2
TLIGDCATV	0.52	unseen	ERGO_AE	AUPR	2
KLNEEIAII	0.5249	unseen	VitTCR	AUROC	14
KLNEEIAII	0.5437	unseen	VitTCR	AUPR	14
KLNEEIAII	0.6465	unseen	NetTCR-2.0	AUROC	14
KLNEEIAII	0.6573	unseen	NetTCR-2.0	AUPR	14
KLNEEIAII	0.5241	unseen	ERGO_AE	AUROC	14
KLNEEIAII	0.519	unseen	ERGO_AE	AUPR	14
ILTSLLVLV	0.96	unseen	VitTCR	AUROC	2
ILTSLLVLV	0.97	unseen	VitTCR	AUPR	2
ILTSLLVLV	0.96	unseen	NetTCR-2.0	AUROC	2
ILTSLLVLV	0.97	unseen	NetTCR-2.0	AUPR	2
ILTSLLVLV	0.96	unseen	ERGO_AE	AUROC	2
ILTSLLVLV	0.97	unseen	ERGO_AE	AUPR	2
ALTPVVVTL	0.7244	unseen	VitTCR	AUROC	12
ALTPVVVTL	0.6976	unseen	VitTCR	AUPR	12
ALTPVVVTL	0.5844	unseen	NetTCR-2.0	AUROC	12
ALTPVVVTL	0.6401	unseen	NetTCR-2.0	AUPR	12
ALTPVVVTL	0.5933	unseen	ERGO_AE	AUROC	12
ALTPVVVTL	0.6524	unseen	ERGO_AE	AUPR	12
KLQCVDLHV	0.28	unseen	VitTCR	AUROC	2
KLQCVDLHV	0.46	unseen	VitTCR	AUPR	2
KLQCVDLHV	0.16	unseen	NetTCR-2.0	AUROC	2
KLQCVDLHV	0.37	unseen	NetTCR-2.0	AUPR	2
KLQCVDLHV	0.2	unseen	ERGO_AE	AUROC	2
KLQCVDLHV	0.4	unseen	ERGO_AE	AUPR	2
GLALYYPSA	0.7475	unseen	VitTCR	AUROC	8
GLALYYPSA	0.7843	unseen	VitTCR	AUPR	8
GLALYYPSA	0.6525	unseen	NetTCR-2.0	AUROC	8
GLALYYPSA	0.5907	unseen	NetTCR-2.0	AUPR	8
GLALYYPSA	0.565	unseen	ERGO_AE	AUROC	8
GLALYYPSA	0.6062	unseen	ERGO_AE	AUPR	8
TLKNTVCTV	0.6384	unseen	VitTCR	AUROC	10
TLKNTVCTV	0.6612	unseen	VitTCR	AUPR	10
TLKNTVCTV	0.4656	unseen	NetTCR-2.0	AUROC	10
TLKNTVCTV	0.5092	unseen	NetTCR-2.0	AUPR	10
TLKNTVCTV	0.456	unseen	ERGO_AE	AUROC	10
TLKNTVCTV	0.5573	unseen	ERGO_AE	AUPR	10
GLFKDCSKV	0.545	unseen	VitTCR	AUROC	8
GLFKDCSKV	0.6266	unseen	VitTCR	AUPR	8
GLFKDCSKV	0.565	unseen	NetTCR-2.0	AUROC	8
GLFKDCSKV	0.6057	unseen	NetTCR-2.0	AUPR	8
GLFKDCSKV	0.48	unseen	ERGO_AE	AUROC	8
GLFKDCSKV	0.5154	unseen	ERGO_AE	AUPR	8
RQLLFVVEV	0.5788	unseen	VitTCR	AUROC	18
RQLLFVVEV	0.5632	unseen	VitTCR	AUPR	18
RQLLFVVEV	0.4291	unseen	NetTCR-2.0	AUROC	18
RQLLFVVEV	0.4305	unseen	NetTCR-2.0	AUPR	18
RQLLFVVEV	0.477	unseen	ERGO_AE	AUROC	18
RQLLFVVEV	0.4679	unseen	ERGO_AE	AUPR	18
LACFVLAAV	0.5094	unseen	VitTCR	AUROC	14
LACFVLAAV	0.5069	unseen	VitTCR	AUPR	14
LACFVLAAV	0.4604	unseen	NetTCR-2.0	AUROC	14
LACFVLAAV	0.4656	unseen	NetTCR-2.0	AUPR	14
LACFVLAAV	0.5714	unseen	ERGO_AE	AUROC	14
LACFVLAAV	0.5219	unseen	ERGO_AE	AUPR	14
KMVSLLSVL	0.83	unseen	VitTCR	AUROC	4
KMVSLLSVL	0.83	unseen	VitTCR	AUPR	4
KMVSLLSVL	0.83	unseen	NetTCR-2.0	AUROC	4
KMVSLLSVL	0.8417	unseen	NetTCR-2.0	AUPR	4
KMVSLLSVL	0.69	unseen	ERGO_AE	AUROC	4
KMVSLLSVL	0.7267	unseen	ERGO_AE	AUPR	4
LIDFYLCFL	0.6725	unseen	VitTCR	AUROC	8
LIDFYLCFL	0.7332	unseen	VitTCR	AUPR	8
LIDFYLCFL	0.6025	unseen	NetTCR-2.0	AUROC	8
LIDFYLCFL	0.666	unseen	NetTCR-2.0	AUPR	8
LIDFYLCFL	0.695	unseen	ERGO_AE	AUROC	8
LIDFYLCFL	0.7764	unseen	ERGO_AE	AUPR	8
FLPFAMGII	0.59	unseen	VitTCR	AUROC	4
FLPFAMGII	0.625	unseen	VitTCR	AUPR	4
FLPFAMGII	0.48	unseen	NetTCR-2.0	AUROC	4
FLPFAMGII	0.61	unseen	NetTCR-2.0	AUPR	4
FLPFAMGII	0.67	unseen	ERGO_AE	AUROC	4
FLPFAMGII	0.715	unseen	ERGO_AE	AUPR	4
GDAALALLL	0.34	unseen	VitTCR	AUROC	4
GDAALALLL	0.485	unseen	VitTCR	AUPR	4
GDAALALLL	0.09	unseen	NetTCR-2.0	AUROC	4
GDAALALLL	0.3233	unseen	NetTCR-2.0	AUPR	4
GDAALALLL	0.25	unseen	ERGO_AE	AUROC	4
GDAALALLL	0.4083	unseen	ERGO_AE	AUPR	4
VLQAVGACV	0.76	unseen	VitTCR	AUROC	4
VLQAVGACV	0.815	unseen	VitTCR	AUPR	4
VLQAVGACV	0.24	unseen	NetTCR-2.0	AUROC	4
VLQAVGACV	0.415	unseen	NetTCR-2.0	AUPR	4
VLQAVGACV	0.37	unseen	ERGO_AE	AUROC	4
VLQAVGACV	0.4683	unseen	ERGO_AE	AUPR	4
YVDNSSLTI	0.5728	unseen	VitTCR	AUROC	18
YVDNSSLTI	0.5859	unseen	VitTCR	AUPR	18
YVDNSSLTI	0.6286	unseen	NetTCR-2.0	AUROC	18
YVDNSSLTI	0.6633	unseen	NetTCR-2.0	AUPR	18
YVDNSSLTI	0.518	unseen	ERGO_AE	AUROC	18
YVDNSSLTI	0.5764	unseen	ERGO_AE	AUPR	18
TLMNVITLV	0.5211	unseen	VitTCR	AUROC	12
TLMNVITLV	0.5145	unseen	VitTCR	AUPR	12
TLMNVITLV	0.4378	unseen	NetTCR-2.0	AUROC	12
TLMNVITLV	0.4696	unseen	NetTCR-2.0	AUPR	12
TLMNVITLV	0.4622	unseen	ERGO_AE	AUROC	12
TLMNVITLV	0.4994	unseen	ERGO_AE	AUPR	12
VLSTFISAA	0.4576	unseen	VitTCR	AUROC	10
VLSTFISAA	0.5605	unseen	VitTCR	AUPR	10
VLSTFISAA	0.472	unseen	NetTCR-2.0	AUROC	10
VLSTFISAA	0.5045	unseen	NetTCR-2.0	AUPR	10
VLSTFISAA	0.4112	unseen	ERGO_AE	AUROC	10
VLSTFISAA	0.4582	unseen	ERGO_AE	AUPR	10
SLLMPILTL	0.84	unseen	VitTCR	AUROC	10
SLLMPILTL	0.8349	unseen	VitTCR	AUPR	10
SLLMPILTL	0.8192	unseen	NetTCR-2.0	AUROC	10
SLLMPILTL	0.8319	unseen	NetTCR-2.0	AUPR	10
SLLMPILTL	0.8896	unseen	ERGO_AE	AUROC	10
SLLMPILTL	0.8928	unseen	ERGO_AE	AUPR	10
TALALLLLD	0.616	unseen	VitTCR	AUROC	10
TALALLLLD	0.6679	unseen	VitTCR	AUPR	10
TALALLLLD	0.5248	unseen	NetTCR-2.0	AUROC	10
TALALLLLD	0.5482	unseen	NetTCR-2.0	AUPR	10
TALALLLLD	0.6208	unseen	ERGO_AE	AUROC	10
TALALLLLD	0.5724	unseen	ERGO_AE	AUPR	10
TQMNLKYAI	0.88	unseen	VitTCR	AUROC	2
TQMNLKYAI	0.91	unseen	VitTCR	AUPR	2
TQMNLKYAI	0.76	unseen	NetTCR-2.0	AUROC	2
TQMNLKYAI	0.82	unseen	NetTCR-2.0	AUPR	2
TQMNLKYAI	0.8	unseen	ERGO_AE	AUROC	2
TQMNLKYAI	0.85	unseen	ERGO_AE	AUPR	2
SIWNLDYII	0.48	unseen	VitTCR	AUROC	2
SIWNLDYII	0.61	unseen	VitTCR	AUPR	2
SIWNLDYII	0.0	unseen	NetTCR-2.0	AUROC	2
SIWNLDYII	0.25	unseen	NetTCR-2.0	AUPR	2
SIWNLDYII	0.12	unseen	ERGO_AE	AUROC	2
SIWNLDYII	0.34	unseen	ERGO_AE	AUPR	2
GIIAMSAFA	0.525	unseen	VitTCR	AUROC	8
GIIAMSAFA	0.5584	unseen	VitTCR	AUPR	8
GIIAMSAFA	0.5225	unseen	NetTCR-2.0	AUROC	8
GIIAMSAFA	0.6145	unseen	NetTCR-2.0	AUPR	8
GIIAMSAFA	0.5075	unseen	ERGO_AE	AUROC	8
GIIAMSAFA	0.6217	unseen	ERGO_AE	AUPR	8
FVMMSAPPA	0.56	unseen	VitTCR	AUROC	4
FVMMSAPPA	0.6467	unseen	VitTCR	AUPR	4
FVMMSAPPA	0.23	unseen	NetTCR-2.0	AUROC	4
FVMMSAPPA	0.425	unseen	NetTCR-2.0	AUPR	4
FVMMSAPPA	0.18	unseen	ERGO_AE	AUROC	4
FVMMSAPPA	0.4117	unseen	ERGO_AE	AUPR	4
LDDKDPQFK	0.48	unseen	VitTCR	AUROC	4
LDDKDPQFK	0.5633	unseen	VitTCR	AUPR	4
LDDKDPQFK	0.15	unseen	NetTCR-2.0	AUROC	4
LDDKDPQFK	0.3467	unseen	NetTCR-2.0	AUPR	4
LDDKDPQFK	0.54	unseen	ERGO_AE	AUROC	4
LDDKDPQFK	0.5767	unseen	ERGO_AE	AUPR	4
ALNLGETFV	0.39	unseen	VitTCR	AUROC	4
ALNLGETFV	0.5233	unseen	VitTCR	AUPR	4
ALNLGETFV	0.14	unseen	NetTCR-2.0	AUROC	4
ALNLGETFV	0.3183	unseen	NetTCR-2.0	AUPR	4
ALNLGETFV	0.13	unseen	ERGO_AE	AUROC	4
ALNLGETFV	0.3533	unseen	ERGO_AE	AUPR	4
ILLLDQALV	0.5289	unseen	VitTCR	AUROC	6
ILLLDQALV	0.5901	unseen	VitTCR	AUPR	6
ILLLDQALV	0.8444	unseen	NetTCR-2.0	AUROC	6
ILLLDQALV	0.8627	unseen	NetTCR-2.0	AUPR	6
ILLLDQALV	0.4667	unseen	ERGO_AE	AUROC	6
ILLLDQALV	0.5466	unseen	ERGO_AE	AUPR	6
ELYHYQECV	0.64	unseen	VitTCR	AUROC	4
ELYHYQECV	0.6633	unseen	VitTCR	AUPR	4
ELYHYQECV	0.32	unseen	NetTCR-2.0	AUROC	4
ELYHYQECV	0.4417	unseen	NetTCR-2.0	AUPR	4
ELYHYQECV	0.37	unseen	ERGO_AE	AUROC	4
ELYHYQECV	0.44	unseen	ERGO_AE	AUPR	4
KLVNKFLAL	0.66	unseen	VitTCR	AUROC	4
KLVNKFLAL	0.765	unseen	VitTCR	AUPR	4
KLVNKFLAL	0.76	unseen	NetTCR-2.0	AUROC	4
KLVNKFLAL	0.805	unseen	NetTCR-2.0	AUPR	4
KLVNKFLAL	0.33	unseen	ERGO_AE	AUROC	4
KLVNKFLAL	0.515	unseen	ERGO_AE	AUPR	4
HGAIKLDDK	0.71	unseen	VitTCR	AUROC	4
HGAIKLDDK	0.7467	unseen	VitTCR	AUPR	4
HGAIKLDDK	0.64	unseen	NetTCR-2.0	AUROC	4
HGAIKLDDK	0.7167	unseen	NetTCR-2.0	AUPR	4
HGAIKLDDK	0.69	unseen	ERGO_AE	AUROC	4
HGAIKLDDK	0.77	unseen	ERGO_AE	AUPR	4
YQFGPDFPIA	0.24	unseen	VitTCR	AUROC	2
YQFGPDFPIA	0.43	unseen	VitTCR	AUPR	2
YQFGPDFPIA	0.12	unseen	NetTCR-2.0	AUROC	2
YQFGPDFPIA	0.34	unseen	NetTCR-2.0	AUPR	2
YQFGPDFPIA	0.28	unseen	ERGO_AE	AUROC	2
YQFGPDFPIA	0.46	unseen	ERGO_AE	AUPR	2
KLPDDFMGC	0.4667	unseen	VitTCR	AUROC	6
KLPDDFMGC	0.5606	unseen	VitTCR	AUPR	6
KLPDDFMGC	0.32	unseen	NetTCR-2.0	AUROC	6
KLPDDFMGC	0.519	unseen	NetTCR-2.0	AUPR	6
KLPDDFMGC	0.2533	unseen	ERGO_AE	AUROC	6
KLPDDFMGC	0.3642	unseen	ERGO_AE	AUPR	6
SLYNTIATL	0.96	unseen	VitTCR	AUROC	2
SLYNTIATL	0.97	unseen	VitTCR	AUPR	2
SLYNTIATL	0.96	unseen	NetTCR-2.0	AUROC	2
SLYNTIATL	0.97	unseen	NetTCR-2.0	AUPR	2
SLYNTIATL	0.8	unseen	ERGO_AE	AUROC	2
SLYNTIATL	0.85	unseen	ERGO_AE	AUPR	2
LLEWLAMAV	0.36	unseen	VitTCR	AUROC	6
LLEWLAMAV	0.4961	unseen	VitTCR	AUPR	6
LLEWLAMAV	0.3778	unseen	NetTCR-2.0	AUROC	6
LLEWLAMAV	0.4998	unseen	NetTCR-2.0	AUPR	6
LLEWLAMAV	0.2356	unseen	ERGO_AE	AUROC	6
LLEWLAMAV	0.3607	unseen	ERGO_AE	AUPR	6
RLVDPQIQL	0.42	unseen	VitTCR	AUROC	4
RLVDPQIQL	0.5317	unseen	VitTCR	AUPR	4
RLVDPQIQL	0.34	unseen	NetTCR-2.0	AUROC	4
RLVDPQIQL	0.37	unseen	NetTCR-2.0	AUPR	4
RLVDPQIQL	0.12	unseen	ERGO_AE	AUROC	4
RLVDPQIQL	0.34	unseen	ERGO_AE	AUPR	4
FLPFFSDVT	0.4978	unseen	VitTCR	AUROC	6
FLPFFSDVT	0.5377	unseen	VitTCR	AUPR	6
FLPFFSDVT	0.36	unseen	NetTCR-2.0	AUROC	6
FLPFFSDVT	0.4826	unseen	NetTCR-2.0	AUPR	6
FLPFFSDVT	0.5289	unseen	ERGO_AE	AUROC	6
FLPFFSDVT	0.5087	unseen	ERGO_AE	AUPR	6
LMCQPILLL	0.45	unseen	VitTCR	AUROC	12
LMCQPILLL	0.5247	unseen	VitTCR	AUPR	12
LMCQPILLL	0.3711	unseen	NetTCR-2.0	AUROC	12
LMCQPILLL	0.4688	unseen	NetTCR-2.0	AUPR	12
LMCQPILLL	0.5178	unseen	ERGO_AE	AUROC	12
LMCQPILLL	0.6306	unseen	ERGO_AE	AUPR	12
KMDYFSGQL	0.67	unseen	VitTCR	AUROC	4
KMDYFSGQL	0.7017	unseen	VitTCR	AUPR	4
KMDYFSGQL	0.4	unseen	NetTCR-2.0	AUROC	4
KMDYFSGQL	0.5133	unseen	NetTCR-2.0	AUPR	4
KMDYFSGQL	0.44	unseen	ERGO_AE	AUROC	4
KMDYFSGQL	0.4767	unseen	ERGO_AE	AUPR	4
SACVLAAEC	0.5	unseen	VitTCR	AUROC	4
SACVLAAEC	0.5583	unseen	VitTCR	AUPR	4
SACVLAAEC	0.27	unseen	NetTCR-2.0	AUROC	4
SACVLAAEC	0.4033	unseen	NetTCR-2.0	AUPR	4
SACVLAAEC	0.58	unseen	ERGO_AE	AUROC	4
SACVLAAEC	0.705	unseen	ERGO_AE	AUPR	4
HLLLVAAGL	0.5422	unseen	VitTCR	AUROC	6
HLLLVAAGL	0.5503	unseen	VitTCR	AUPR	6
HLLLVAAGL	0.5244	unseen	NetTCR-2.0	AUROC	6
HLLLVAAGL	0.46	unseen	NetTCR-2.0	AUPR	6
HLLLVAAGL	0.3867	unseen	ERGO_AE	AUROC	6
HLLLVAAGL	0.4288	unseen	ERGO_AE	AUPR	6
ITFDNLKTL	0.5333	unseen	VitTCR	AUROC	6
ITFDNLKTL	0.4848	unseen	VitTCR	AUPR	6
ITFDNLKTL	0.52	unseen	NetTCR-2.0	AUROC	6
ITFDNLKTL	0.5077	unseen	NetTCR-2.0	AUPR	6
ITFDNLKTL	0.6178	unseen	ERGO_AE	AUROC	6
ITFDNLKTL	0.5583	unseen	ERGO_AE	AUPR	6
SLENVAFNV	0.78	unseen	VitTCR	AUROC	4
SLENVAFNV	0.8033	unseen	VitTCR	AUPR	4
SLENVAFNV	0.5	unseen	NetTCR-2.0	AUROC	4
SLENVAFNV	0.65	unseen	NetTCR-2.0	AUPR	4
SLENVAFNV	0.64	unseen	ERGO_AE	AUROC	4
SLENVAFNV	0.6883	unseen	ERGO_AE	AUPR	4
GLMWLSYFV	0.7244	unseen	VitTCR	AUROC	6
GLMWLSYFV	0.7558	unseen	VitTCR	AUPR	6
GLMWLSYFV	0.8267	unseen	NetTCR-2.0	AUROC	6
GLMWLSYFV	0.8526	unseen	NetTCR-2.0	AUPR	6
GLMWLSYFV	0.6133	unseen	ERGO_AE	AUROC	6
GLMWLSYFV	0.6428	unseen	ERGO_AE	AUPR	6
TVYEKLKPV	0.75	unseen	VitTCR	AUROC	4
TVYEKLKPV	0.79	unseen	VitTCR	AUPR	4
TVYEKLKPV	0.66	unseen	NetTCR-2.0	AUROC	4
TVYEKLKPV	0.6283	unseen	NetTCR-2.0	AUPR	4
TVYEKLKPV	0.71	unseen	ERGO_AE	AUROC	4
TVYEKLKPV	0.76	unseen	ERGO_AE	AUPR	4
YIDIGDYTV	0.65	unseen	VitTCR	AUROC	4
YIDIGDYTV	0.7267	unseen	VitTCR	AUPR	4
YIDIGDYTV	0.65	unseen	NetTCR-2.0	AUROC	4
YIDIGDYTV	0.695	unseen	NetTCR-2.0	AUPR	4
YIDIGDYTV	0.65	unseen	ERGO_AE	AUROC	4
YIDIGDYTV	0.765	unseen	ERGO_AE	AUPR	4
WLPTGTLLV	0.6025	unseen	VitTCR	AUROC	8
WLPTGTLLV	0.6774	unseen	VitTCR	AUPR	8
WLPTGTLLV	0.5175	unseen	NetTCR-2.0	AUROC	8
WLPTGTLLV	0.5976	unseen	NetTCR-2.0	AUPR	8
WLPTGTLLV	0.5475	unseen	ERGO_AE	AUROC	8
WLPTGTLLV	0.5857	unseen	ERGO_AE	AUPR	8
TMETIDWKV	0.08	unseen	VitTCR	AUROC	2
TMETIDWKV	0.31	unseen	VitTCR	AUPR	2
TMETIDWKV	0.36	unseen	NetTCR-2.0	AUROC	2
TMETIDWKV	0.52	unseen	NetTCR-2.0	AUPR	2
TMETIDWKV	0.08	unseen	ERGO_AE	AUROC	2
TMETIDWKV	0.31	unseen	ERGO_AE	AUPR	2
KLVALVINAV	0.6	unseen	VitTCR	AUROC	2
KLVALVINAV	0.7	unseen	VitTCR	AUPR	2
KLVALVINAV	0.12	unseen	NetTCR-2.0	AUROC	2
KLVALVINAV	0.34	unseen	NetTCR-2.0	AUPR	2
KLVALVINAV	0.64	unseen	ERGO_AE	AUROC	2
KLVALVINAV	0.73	unseen	ERGO_AE	AUPR	2
VLGSLAATV	0.73	unseen	VitTCR	AUROC	4
VLGSLAATV	0.7483	unseen	VitTCR	AUPR	4
VLGSLAATV	0.46	unseen	NetTCR-2.0	AUROC	4
VLGSLAATV	0.4567	unseen	NetTCR-2.0	AUPR	4
VLGSLAATV	0.65	unseen	ERGO_AE	AUROC	4
VLGSLAATV	0.7283	unseen	ERGO_AE	AUPR	4
MSAFAMMFV	0.7111	unseen	VitTCR	AUROC	6
MSAFAMMFV	0.7148	unseen	VitTCR	AUPR	6
MSAFAMMFV	0.6444	unseen	NetTCR-2.0	AUROC	6
MSAFAMMFV	0.6837	unseen	NetTCR-2.0	AUPR	6
MSAFAMMFV	0.6444	unseen	ERGO_AE	AUROC	6
MSAFAMMFV	0.6759	unseen	ERGO_AE	AUPR	6
YTNSFTRGV	0.385	unseen	VitTCR	AUROC	8
YTNSFTRGV	0.4681	unseen	VitTCR	AUPR	8
YTNSFTRGV	0.25	unseen	NetTCR-2.0	AUROC	8
YTNSFTRGV	0.3941	unseen	NetTCR-2.0	AUPR	8
YTNSFTRGV	0.2875	unseen	ERGO_AE	AUROC	8
YTNSFTRGV	0.3995	unseen	ERGO_AE	AUPR	8
VLLSVLQQL	0.64	unseen	VitTCR	AUROC	4
VLLSVLQQL	0.67	unseen	VitTCR	AUPR	4
VLLSVLQQL	0.58	unseen	NetTCR-2.0	AUROC	4
VLLSVLQQL	0.7333	unseen	NetTCR-2.0	AUPR	4
VLLSVLQQL	0.74	unseen	ERGO_AE	AUROC	4
VLLSVLQQL	0.7967	unseen	ERGO_AE	AUPR	4
LLWPVTLAC	0.96	unseen	VitTCR	AUROC	2
LLWPVTLAC	0.97	unseen	VitTCR	AUPR	2
LLWPVTLAC	1.0	unseen	NetTCR-2.0	AUROC	2
LLWPVTLAC	1.0	unseen	NetTCR-2.0	AUPR	2
LLWPVTLAC	0.6	unseen	ERGO_AE	AUROC	2
LLWPVTLAC	0.7	unseen	ERGO_AE	AUPR	2
ALVYFLQSI	0.58	unseen	VitTCR	AUROC	4
ALVYFLQSI	0.6517	unseen	VitTCR	AUPR	4
ALVYFLQSI	0.36	unseen	NetTCR-2.0	AUROC	4
ALVYFLQSI	0.4383	unseen	NetTCR-2.0	AUPR	4
ALVYFLQSI	0.68	unseen	ERGO_AE	AUROC	4
ALVYFLQSI	0.7433	unseen	ERGO_AE	AUPR	4
AVIKTLQPV	0.68	unseen	VitTCR	AUROC	2
AVIKTLQPV	0.76	unseen	VitTCR	AUPR	2
AVIKTLQPV	0.76	unseen	NetTCR-2.0	AUROC	2
AVIKTLQPV	0.82	unseen	NetTCR-2.0	AUPR	2
AVIKTLQPV	0.6	unseen	ERGO_AE	AUROC	2
AVIKTLQPV	0.7	unseen	ERGO_AE	AUPR	2
GMDYHNGHL	0.84	unseen	VitTCR	AUROC	2
GMDYHNGHL	0.88	unseen	VitTCR	AUPR	2
GMDYHNGHL	0.12	unseen	NetTCR-2.0	AUROC	2
GMDYHNGHL	0.34	unseen	NetTCR-2.0	AUPR	2
GMDYHNGHL	0.24	unseen	ERGO_AE	AUROC	2
GMDYHNGHL	0.43	unseen	ERGO_AE	AUPR	2
QVILLNKHI	0.53	unseen	VitTCR	AUROC	4
QVILLNKHI	0.6317	unseen	VitTCR	AUPR	4
QVILLNKHI	0.52	unseen	NetTCR-2.0	AUROC	4
QVILLNKHI	0.6217	unseen	NetTCR-2.0	AUPR	4
QVILLNKHI	0.71	unseen	ERGO_AE	AUROC	4
QVILLNKHI	0.7467	unseen	ERGO_AE	AUPR	4
LQAENVTGL	0.6	unseen	VitTCR	AUROC	2
LQAENVTGL	0.7	unseen	VitTCR	AUPR	2
LQAENVTGL	0.28	unseen	NetTCR-2.0	AUROC	2
LQAENVTGL	0.46	unseen	NetTCR-2.0	AUPR	2
LQAENVTGL	0.84	unseen	ERGO_AE	AUROC	2
LQAENVTGL	0.88	unseen	ERGO_AE	AUPR	2
TMDFYQGQL	0.16	unseen	VitTCR	AUROC	2
TMDFYQGQL	0.37	unseen	VitTCR	AUPR	2
TMDFYQGQL	0.64	unseen	NetTCR-2.0	AUROC	2
TMDFYQGQL	0.73	unseen	NetTCR-2.0	AUPR	2
TMDFYQGQL	0.04	unseen	ERGO_AE	AUROC	2
TMDFYQGQL	0.28	unseen	ERGO_AE	AUPR	2
KLPDDFTGCV	0.5022	unseen	VitTCR	AUROC	6
KLPDDFTGCV	0.568	unseen	VitTCR	AUPR	6
KLPDDFTGCV	0.16	unseen	NetTCR-2.0	AUROC	6
KLPDDFTGCV	0.3633	unseen	NetTCR-2.0	AUPR	6
KLPDDFTGCV	0.1778	unseen	ERGO_AE	AUROC	6
KLPDDFTGCV	0.3472	unseen	ERGO_AE	AUPR	6
YLAVFDKNL	0.8	unseen	VitTCR	AUROC	2
YLAVFDKNL	0.85	unseen	VitTCR	AUPR	2
YLAVFDKNL	0.96	unseen	NetTCR-2.0	AUROC	2
YLAVFDKNL	0.97	unseen	NetTCR-2.0	AUPR	2
YLAVFDKNL	0.8	unseen	ERGO_AE	AUROC	2
YLAVFDKNL	0.85	unseen	ERGO_AE	AUPR	2
CLTPVYSFL	0.5733	unseen	VitTCR	AUROC	6
CLTPVYSFL	0.6737	unseen	VitTCR	AUPR	6
CLTPVYSFL	0.44	unseen	NetTCR-2.0	AUROC	6
CLTPVYSFL	0.5234	unseen	NetTCR-2.0	AUPR	6
CLTPVYSFL	0.48	unseen	ERGO_AE	AUROC	6
CLTPVYSFL	0.64	unseen	ERGO_AE	AUPR	6
LLEDLDWDV	0.16	unseen	VitTCR	AUROC	2
LLEDLDWDV	0.37	unseen	VitTCR	AUPR	2
LLEDLDWDV	0.16	unseen	NetTCR-2.0	AUROC	2
LLEDLDWDV	0.37	unseen	NetTCR-2.0	AUPR	2
LLEDLDWDV	0.12	unseen	ERGO_AE	AUROC	2
LLEDLDWDV	0.34	unseen	ERGO_AE	AUPR	2
VLLSMQGAV	0.6	unseen	VitTCR	AUROC	2
VLLSMQGAV	0.7	unseen	VitTCR	AUPR	2
VLLSMQGAV	0.92	unseen	NetTCR-2.0	AUROC	2
VLLSMQGAV	0.94	unseen	NetTCR-2.0	AUPR	2
VLLSMQGAV	0.12	unseen	ERGO_AE	AUROC	2
VLLSMQGAV	0.34	unseen	ERGO_AE	AUPR	2
KDNVILLNK	0.7156	unseen	VitTCR	AUROC	6
KDNVILLNK	0.776	unseen	VitTCR	AUPR	6
KDNVILLNK	0.5467	unseen	NetTCR-2.0	AUROC	6
KDNVILLNK	0.5023	unseen	NetTCR-2.0	AUPR	6
KDNVILLNK	0.7022	unseen	ERGO_AE	AUROC	6
KDNVILLNK	0.7206	unseen	ERGO_AE	AUPR	6
MQVESDDYI	0.52	unseen	VitTCR	AUROC	10
MQVESDDYI	0.5514	unseen	VitTCR	AUPR	10
MQVESDDYI	0.5168	unseen	NetTCR-2.0	AUROC	10
MQVESDDYI	0.493	unseen	NetTCR-2.0	AUPR	10
MQVESDDYI	0.5136	unseen	ERGO_AE	AUROC	10
MQVESDDYI	0.5708	unseen	ERGO_AE	AUPR	10
RLDKVEAEV	0.68	unseen	VitTCR	AUROC	2
RLDKVEAEV	0.76	unseen	VitTCR	AUPR	2
RLDKVEAEV	0.6	unseen	NetTCR-2.0	AUROC	2
RLDKVEAEV	0.7	unseen	NetTCR-2.0	AUPR	2
RLDKVEAEV	0.24	unseen	ERGO_AE	AUROC	2
RLDKVEAEV	0.43	unseen	ERGO_AE	AUPR	2
FVCDNIKFA	0.7456	unseen	VitTCR	AUROC	10
FVCDNIKFA	0.7532	unseen	VitTCR	AUPR	10
FVCDNIKFA	0.6576	unseen	NetTCR-2.0	AUROC	10
FVCDNIKFA	0.7019	unseen	NetTCR-2.0	AUPR	10
FVCDNIKFA	0.6976	unseen	ERGO_AE	AUROC	10
FVCDNIKFA	0.7467	unseen	ERGO_AE	AUPR	10
LLFLVLIML	0.355	unseen	VitTCR	AUROC	8
LLFLVLIML	0.4419	unseen	VitTCR	AUPR	8
LLFLVLIML	0.2775	unseen	NetTCR-2.0	AUROC	8
LLFLVLIML	0.3719	unseen	NetTCR-2.0	AUPR	8
LLFLVLIML	0.2775	unseen	ERGO_AE	AUROC	8
LLFLVLIML	0.4389	unseen	ERGO_AE	AUPR	8
RIMTWLDMV	0.5675	unseen	VitTCR	AUROC	16
RIMTWLDMV	0.5481	unseen	VitTCR	AUPR	16
RIMTWLDMV	0.6244	unseen	NetTCR-2.0	AUROC	16
RIMTWLDMV	0.5986	unseen	NetTCR-2.0	AUPR	16
RIMTWLDMV	0.5513	unseen	ERGO_AE	AUROC	16
RIMTWLDMV	0.5573	unseen	ERGO_AE	AUPR	16
TLNDFNLVA	0.4311	unseen	VitTCR	AUROC	6
TLNDFNLVA	0.5456	unseen	VitTCR	AUPR	6
TLNDFNLVA	0.3733	unseen	NetTCR-2.0	AUROC	6
TLNDFNLVA	0.4557	unseen	NetTCR-2.0	AUPR	6
TLNDFNLVA	0.5911	unseen	ERGO_AE	AUROC	6
TLNDFNLVA	0.5503	unseen	ERGO_AE	AUPR	6
YLLEMLWRL	0.6672	unseen	VitTCR	AUROC	26
YLLEMLWRL	0.6781	unseen	VitTCR	AUPR	26
YLLEMLWRL	0.6393	unseen	NetTCR-2.0	AUROC	26
YLLEMLWRL	0.6476	unseen	NetTCR-2.0	AUPR	26
YLLEMLWRL	0.636	unseen	ERGO_AE	AUROC	26
YLLEMLWRL	0.6154	unseen	ERGO_AE	AUPR	26
CISSCNPNL	0.72	unseen	VitTCR	AUROC	2
CISSCNPNL	0.79	unseen	VitTCR	AUPR	2
CISSCNPNL	0.44	unseen	NetTCR-2.0	AUROC	2
CISSCNPNL	0.58	unseen	NetTCR-2.0	AUPR	2
CISSCNPNL	0.68	unseen	ERGO_AE	AUROC	2
CISSCNPNL	0.76	unseen	ERGO_AE	AUPR	2
GGETALALL	0.5111	unseen	VitTCR	AUROC	6
GGETALALL	0.5736	unseen	VitTCR	AUPR	6
GGETALALL	0.3911	unseen	NetTCR-2.0	AUROC	6
GGETALALL	0.4943	unseen	NetTCR-2.0	AUPR	6
GGETALALL	0.5022	unseen	ERGO_AE	AUROC	6
GGETALALL	0.5532	unseen	ERGO_AE	AUPR	6
FISTCACEI	0.44	unseen	VitTCR	AUROC	4
FISTCACEI	0.5383	unseen	VitTCR	AUPR	4
FISTCACEI	0.38	unseen	NetTCR-2.0	AUROC	4
FISTCACEI	0.495	unseen	NetTCR-2.0	AUPR	4
FISTCACEI	0.39	unseen	ERGO_AE	AUROC	4
FISTCACEI	0.53	unseen	ERGO_AE	AUPR	4
DKDPNFKDQ	0.28	unseen	VitTCR	AUROC	2
DKDPNFKDQ	0.46	unseen	VitTCR	AUPR	2
DKDPNFKDQ	0.2	unseen	NetTCR-2.0	AUROC	2
DKDPNFKDQ	0.4	unseen	NetTCR-2.0	AUPR	2
DKDPNFKDQ	0.08	unseen	ERGO_AE	AUROC	2
DKDPNFKDQ	0.31	unseen	ERGO_AE	AUPR	2
FTPLVPFWI	0.9511	unseen	VitTCR	AUROC	6
FTPLVPFWI	0.9591	unseen	VitTCR	AUPR	6
FTPLVPFWI	0.7022	unseen	NetTCR-2.0	AUROC	6
FTPLVPFWI	0.677	unseen	NetTCR-2.0	AUPR	6
FTPLVPFWI	0.7467	unseen	ERGO_AE	AUROC	6
FTPLVPFWI	0.6958	unseen	ERGO_AE	AUPR	6
LLIRWQHFL	0.64	unseen	VitTCR	AUROC	2
LLIRWQHFL	0.73	unseen	VitTCR	AUPR	2
LLIRWQHFL	0.88	unseen	NetTCR-2.0	AUROC	2
LLIRWQHFL	0.91	unseen	NetTCR-2.0	AUPR	2
LLIRWQHFL	0.28	unseen	ERGO_AE	AUROC	2
LLIRWQHFL	0.46	unseen	ERGO_AE	AUPR	2
RLGEVRHPV	0.72	unseen	VitTCR	AUROC	2
RLGEVRHPV	0.79	unseen	VitTCR	AUPR	2
RLGEVRHPV	0.64	unseen	NetTCR-2.0	AUROC	2
RLGEVRHPV	0.73	unseen	NetTCR-2.0	AUPR	2
RLGEVRHPV	0.44	unseen	ERGO_AE	AUROC	2
RLGEVRHPV	0.58	unseen	ERGO_AE	AUPR	2
VLAWLYAAV	0.664	unseen	VitTCR	AUROC	10
VLAWLYAAV	0.6615	unseen	VitTCR	AUPR	10
VLAWLYAAV	0.4224	unseen	NetTCR-2.0	AUROC	10
VLAWLYAAV	0.4238	unseen	NetTCR-2.0	AUPR	10
VLAWLYAAV	0.5088	unseen	ERGO_AE	AUROC	10
VLAWLYAAV	0.488	unseen	ERGO_AE	AUPR	10
GLIAIVMVT	0.68	unseen	VitTCR	AUROC	6
GLIAIVMVT	0.7598	unseen	VitTCR	AUPR	6
GLIAIVMVT	0.5733	unseen	NetTCR-2.0	AUROC	6
GLIAIVMVT	0.539	unseen	NetTCR-2.0	AUPR	6
GLIAIVMVT	0.5244	unseen	ERGO_AE	AUROC	6
GLIAIVMVT	0.5788	unseen	ERGO_AE	AUPR	6
FVNEFYAYL	0.555	unseen	VitTCR	AUROC	8
FVNEFYAYL	0.625	unseen	VitTCR	AUPR	8
FVNEFYAYL	0.305	unseen	NetTCR-2.0	AUROC	8
FVNEFYAYL	0.404	unseen	NetTCR-2.0	AUPR	8
FVNEFYAYL	0.6	unseen	ERGO_AE	AUROC	8
FVNEFYAYL	0.659	unseen	ERGO_AE	AUPR	8
LLLDDFVEI	0.92	unseen	VitTCR	AUROC	2
LLLDDFVEI	0.94	unseen	VitTCR	AUPR	2
LLLDDFVEI	0.92	unseen	NetTCR-2.0	AUROC	2
LLLDDFVEI	0.94	unseen	NetTCR-2.0	AUPR	2
LLLDDFVEI	0.96	unseen	ERGO_AE	AUROC	2
LLLDDFVEI	0.97	unseen	ERGO_AE	AUPR	2
ITSGWTFGA	0.72	unseen	VitTCR	AUROC	2
ITSGWTFGA	0.79	unseen	VitTCR	AUPR	2
ITSGWTFGA	0.2	unseen	NetTCR-2.0	AUROC	2
ITSGWTFGA	0.4	unseen	NetTCR-2.0	AUPR	2
ITSGWTFGA	0.6	unseen	ERGO_AE	AUROC	2
ITSGWTFGA	0.7	unseen	ERGO_AE	AUPR	2
KLEQLDWTV	0.64	unseen	VitTCR	AUROC	2
KLEQLDWTV	0.73	unseen	VitTCR	AUPR	2
KLEQLDWTV	0.52	unseen	NetTCR-2.0	AUROC	2
KLEQLDWTV	0.64	unseen	NetTCR-2.0	AUPR	2
KLEQLDWTV	0.48	unseen	ERGO_AE	AUROC	2
KLEQLDWTV	0.61	unseen	ERGO_AE	AUPR	2
AALPILFQV	0.0	unseen	VitTCR	AUROC	2
AALPILFQV	0.25	unseen	VitTCR	AUPR	2
AALPILFQV	0.0	unseen	NetTCR-2.0	AUROC	2
AALPILFQV	0.25	unseen	NetTCR-2.0	AUPR	2
AALPILFQV	0.08	unseen	ERGO_AE	AUROC	2
AALPILFQV	0.31	unseen	ERGO_AE	AUPR	2
GLVEVEKGV	0.4133	unseen	VitTCR	AUROC	6
GLVEVEKGV	0.5297	unseen	VitTCR	AUPR	6
GLVEVEKGV	0.6489	unseen	NetTCR-2.0	AUROC	6
GLVEVEKGV	0.7198	unseen	NetTCR-2.0	AUPR	6
GLVEVEKGV	0.4	unseen	ERGO_AE	AUROC	6
GLVEVEKGV	0.4894	unseen	ERGO_AE	AUPR	6
TLDSKTQSL	0.66	unseen	VitTCR	AUROC	4
TLDSKTQSL	0.7117	unseen	VitTCR	AUPR	4
TLDSKTQSL	0.79	unseen	NetTCR-2.0	AUROC	4
TLDSKTQSL	0.8433	unseen	NetTCR-2.0	AUPR	4
TLDSKTQSL	0.63	unseen	ERGO_AE	AUROC	4
TLDSKTQSL	0.6583	unseen	ERGO_AE	AUPR	4
MLWGYLQYV	0.44	unseen	VitTCR	AUROC	2
MLWGYLQYV	0.58	unseen	VitTCR	AUPR	2
MLWGYLQYV	0.48	unseen	NetTCR-2.0	AUROC	2
MLWGYLQYV	0.61	unseen	NetTCR-2.0	AUPR	2
MLWGYLQYV	0.4	unseen	ERGO_AE	AUROC	2
MLWGYLQYV	0.55	unseen	ERGO_AE	AUPR	2
LLFGKPVYV	0.6	unseen	VitTCR	AUROC	2
LLFGKPVYV	0.7	unseen	VitTCR	AUPR	2
LLFGKPVYV	0.04	unseen	NetTCR-2.0	AUROC	2
LLFGKPVYV	0.28	unseen	NetTCR-2.0	AUPR	2
LLFGKPVYV	0.4	unseen	ERGO_AE	AUROC	2
LLFGKPVYV	0.55	unseen	ERGO_AE	AUPR	2
ALLLQLFTL	0.72	unseen	VitTCR	AUROC	2
ALLLQLFTL	0.79	unseen	VitTCR	AUPR	2
ALLLQLFTL	0.96	unseen	NetTCR-2.0	AUROC	2
ALLLQLFTL	0.97	unseen	NetTCR-2.0	AUPR	2
ALLLQLFTL	0.52	unseen	ERGO_AE	AUROC	2
ALLLQLFTL	0.64	unseen	ERGO_AE	AUPR	2
ELAGIGALTV	0.16	unseen	VitTCR	AUROC	2
ELAGIGALTV	0.37	unseen	VitTCR	AUPR	2
ELAGIGALTV	0.0	unseen	NetTCR-2.0	AUROC	2
ELAGIGALTV	0.25	unseen	NetTCR-2.0	AUPR	2
ELAGIGALTV	0.16	unseen	ERGO_AE	AUROC	2
ELAGIGALTV	0.37	unseen	ERGO_AE	AUPR	2
CVMYASAVV	0.48	unseen	VitTCR	AUROC	4
CVMYASAVV	0.6683	unseen	VitTCR	AUPR	4
CVMYASAVV	0.51	unseen	NetTCR-2.0	AUROC	4
CVMYASAVV	0.655	unseen	NetTCR-2.0	AUPR	4
CVMYASAVV	0.46	unseen	ERGO_AE	AUROC	4
CVMYASAVV	0.4983	unseen	ERGO_AE	AUPR	4
SGGGETALA	0.61	unseen	VitTCR	AUROC	4
SGGGETALA	0.7017	unseen	VitTCR	AUPR	4
SGGGETALA	0.31	unseen	NetTCR-2.0	AUROC	4
SGGGETALA	0.435	unseen	NetTCR-2.0	AUPR	4
SGGGETALA	0.59	unseen	ERGO_AE	AUROC	4
SGGGETALA	0.59	unseen	ERGO_AE	AUPR	4
YTACSHAAV	0.3378	unseen	VitTCR	AUROC	6
YTACSHAAV	0.4456	unseen	VitTCR	AUPR	6
YTACSHAAV	0.2578	unseen	NetTCR-2.0	AUROC	6
YTACSHAAV	0.371	unseen	NetTCR-2.0	AUPR	6
YTACSHAAV	0.3067	unseen	ERGO_AE	AUROC	6
YTACSHAAV	0.4273	unseen	ERGO_AE	AUPR	6
FLPFFSNVT	0.5911	unseen	VitTCR	AUROC	6
FLPFFSNVT	0.6323	unseen	VitTCR	AUPR	6
FLPFFSNVT	0.4089	unseen	NetTCR-2.0	AUROC	6
FLPFFSNVT	0.4813	unseen	NetTCR-2.0	AUPR	6
FLPFFSNVT	0.2978	unseen	ERGO_AE	AUROC	6
FLPFFSNVT	0.4756	unseen	ERGO_AE	AUPR	6
FVLAAVYRI	0.3822	unseen	VitTCR	AUROC	6
FVLAAVYRI	0.4459	unseen	VitTCR	AUPR	6
FVLAAVYRI	0.0978	unseen	NetTCR-2.0	AUROC	6
FVLAAVYRI	0.3383	unseen	NetTCR-2.0	AUPR	6
FVLAAVYRI	0.3822	unseen	ERGO_AE	AUROC	6
FVLAAVYRI	0.4323	unseen	ERGO_AE	AUPR	6
FMGVTYEM	0.72	unseen	VitTCR	AUROC	2
FMGVTYEM	0.79	unseen	VitTCR	AUPR	2
FMGVTYEM	0.28	unseen	NetTCR-2.0	AUROC	2
FMGVTYEM	0.46	unseen	NetTCR-2.0	AUPR	2
FMGVTYEM	0.76	unseen	ERGO_AE	AUROC	2
FMGVTYEM	0.82	unseen	ERGO_AE	AUPR	2
NMMWFQGQL	0.24	unseen	VitTCR	AUROC	4
NMMWFQGQL	0.4067	unseen	VitTCR	AUPR	4
NMMWFQGQL	0.45	unseen	NetTCR-2.0	AUROC	4
NMMWFQGQL	0.5117	unseen	NetTCR-2.0	AUPR	4
NMMWFQGQL	0.2	unseen	ERGO_AE	AUROC	4
NMMWFQGQL	0.4117	unseen	ERGO_AE	AUPR	4
LLSVCLGSL	0.45	unseen	VitTCR	AUROC	4
LLSVCLGSL	0.5483	unseen	VitTCR	AUPR	4
LLSVCLGSL	0.42	unseen	NetTCR-2.0	AUROC	4
LLSVCLGSL	0.4167	unseen	NetTCR-2.0	AUPR	4
LLSVCLGSL	0.53	unseen	ERGO_AE	AUROC	4
LLSVCLGSL	0.4967	unseen	ERGO_AE	AUPR	4
KLDDKDPNF	0.64	unseen	VitTCR	AUROC	2
KLDDKDPNF	0.73	unseen	VitTCR	AUPR	2
KLDDKDPNF	0.2	unseen	NetTCR-2.0	AUROC	2
KLDDKDPNF	0.4	unseen	NetTCR-2.0	AUPR	2
KLDDKDPNF	0.36	unseen	ERGO_AE	AUROC	2
KLDDKDPNF	0.52	unseen	ERGO_AE	AUPR	2
VLLFLAFVV	0.36	unseen	VitTCR	AUROC	6
VLLFLAFVV	0.4647	unseen	VitTCR	AUPR	6
VLLFLAFVV	0.3556	unseen	NetTCR-2.0	AUROC	6
VLLFLAFVV	0.3988	unseen	NetTCR-2.0	AUPR	6
VLLFLAFVV	0.1422	unseen	ERGO_AE	AUROC	6
VLLFLAFVV	0.3481	unseen	ERGO_AE	AUPR	6
FVDGVPFVV	0.62	unseen	VitTCR	AUROC	4
FVDGVPFVV	0.6933	unseen	VitTCR	AUPR	4
FVDGVPFVV	0.46	unseen	NetTCR-2.0	AUROC	4
FVDGVPFVV	0.5217	unseen	NetTCR-2.0	AUPR	4
FVDGVPFVV	0.36	unseen	ERGO_AE	AUROC	4
FVDGVPFVV	0.4433	unseen	ERGO_AE	AUPR	4
AIKLDDKDP	0.88	unseen	VitTCR	AUROC	2
AIKLDDKDP	0.91	unseen	VitTCR	AUPR	2
AIKLDDKDP	0.96	unseen	NetTCR-2.0	AUROC	2
AIKLDDKDP	0.97	unseen	NetTCR-2.0	AUPR	2
AIKLDDKDP	0.8	unseen	ERGO_AE	AUROC	2
AIKLDDKDP	0.85	unseen	ERGO_AE	AUPR	2
TLIVNSVLL	0.4489	unseen	VitTCR	AUROC	6
TLIVNSVLL	0.5484	unseen	VitTCR	AUPR	6
TLIVNSVLL	0.3111	unseen	NetTCR-2.0	AUROC	6
TLIVNSVLL	0.4313	unseen	NetTCR-2.0	AUPR	6
TLIVNSVLL	0.4622	unseen	ERGO_AE	AUROC	6
TLIVNSVLL	0.5057	unseen	ERGO_AE	AUPR	6
FLDGSCGSV	0.3378	unseen	VitTCR	AUROC	6
FLDGSCGSV	0.4271	unseen	VitTCR	AUPR	6
FLDGSCGSV	0.4	unseen	NetTCR-2.0	AUROC	6
FLDGSCGSV	0.4752	unseen	NetTCR-2.0	AUPR	6
FLDGSCGSV	0.1956	unseen	ERGO_AE	AUROC	6
FLDGSCGSV	0.3792	unseen	ERGO_AE	AUPR	6
ALWGPDPAAA	0.64	unseen	VitTCR	AUROC	2
ALWGPDPAAA	0.73	unseen	VitTCR	AUPR	2
ALWGPDPAAA	0.24	unseen	NetTCR-2.0	AUROC	2
ALWGPDPAAA	0.43	unseen	NetTCR-2.0	AUPR	2
ALWGPDPAAA	0.4	unseen	ERGO_AE	AUROC	2
ALWGPDPAAA	0.55	unseen	ERGO_AE	AUPR	2
MQLFFSYFA	0.8	unseen	VitTCR	AUROC	2
MQLFFSYFA	0.85	unseen	VitTCR	AUPR	2
MQLFFSYFA	0.52	unseen	NetTCR-2.0	AUROC	2
MQLFFSYFA	0.64	unseen	NetTCR-2.0	AUPR	2
MQLFFSYFA	0.88	unseen	ERGO_AE	AUROC	2
MQLFFSYFA	0.91	unseen	ERGO_AE	AUPR	2
NLLKDCPAV	0.4578	unseen	VitTCR	AUROC	6
NLLKDCPAV	0.5597	unseen	VitTCR	AUPR	6
NLLKDCPAV	0.52	unseen	NetTCR-2.0	AUROC	6
NLLKDCPAV	0.5721	unseen	NetTCR-2.0	AUPR	6
NLLKDCPAV	0.1644	unseen	ERGO_AE	AUROC	6
NLLKDCPAV	0.3397	unseen	ERGO_AE	AUPR	6
SMWALIISV	0.72	unseen	VitTCR	AUROC	2
SMWALIISV	0.79	unseen	VitTCR	AUPR	2
SMWALIISV	0.68	unseen	NetTCR-2.0	AUROC	2
SMWALIISV	0.76	unseen	NetTCR-2.0	AUPR	2
SMWALIISV	0.64	unseen	ERGO_AE	AUROC	2
SMWALIISV	0.73	unseen	ERGO_AE	AUPR	2
TVSCLPFTI	0.67	unseen	VitTCR	AUROC	4
TVSCLPFTI	0.6783	unseen	VitTCR	AUPR	4
TVSCLPFTI	0.5	unseen	NetTCR-2.0	AUROC	4
TVSCLPFTI	0.545	unseen	NetTCR-2.0	AUPR	4
TVSCLPFTI	0.39	unseen	ERGO_AE	AUROC	4
TVSCLPFTI	0.4633	unseen	ERGO_AE	AUPR	4
WLIVGVALL	0.44	unseen	VitTCR	AUROC	2
WLIVGVALL	0.58	unseen	VitTCR	AUPR	2
WLIVGVALL	0.16	unseen	NetTCR-2.0	AUROC	2
WLIVGVALL	0.37	unseen	NetTCR-2.0	AUPR	2
WLIVGVALL	0.72	unseen	ERGO_AE	AUROC	2
WLIVGVALL	0.79	unseen	ERGO_AE	AUPR	2
NLDESLIDL	0.96	unseen	VitTCR	AUROC	2
NLDESLIDL	0.97	unseen	VitTCR	AUPR	2
NLDESLIDL	0.64	unseen	NetTCR-2.0	AUROC	2
NLDESLIDL	0.73	unseen	NetTCR-2.0	AUPR	2
NLDESLIDL	0.88	unseen	ERGO_AE	AUROC	2
NLDESLIDL	0.91	unseen	ERGO_AE	AUPR	2
LQNNELSPV	0.32	unseen	VitTCR	AUROC	2
LQNNELSPV	0.49	unseen	VitTCR	AUPR	2
LQNNELSPV	0.16	unseen	NetTCR-2.0	AUROC	2
LQNNELSPV	0.37	unseen	NetTCR-2.0	AUPR	2
LQNNELSPV	0.48	unseen	ERGO_AE	AUROC	2
LQNNELSPV	0.61	unseen	ERGO_AE	AUPR	2
QVVSDIDYV	0.48	unseen	VitTCR	AUROC	4
QVVSDIDYV	0.5383	unseen	VitTCR	AUPR	4
QVVSDIDYV	0.97	unseen	NetTCR-2.0	AUROC	4
QVVSDIDYV	0.975	unseen	NetTCR-2.0	AUPR	4
QVVSDIDYV	0.36	unseen	ERGO_AE	AUROC	4
QVVSDIDYV	0.44	unseen	ERGO_AE	AUPR	4
TLVPQEHYV	0.24	unseen	VitTCR	AUROC	2
TLVPQEHYV	0.43	unseen	VitTCR	AUPR	2
TLVPQEHYV	0.04	unseen	NetTCR-2.0	AUROC	2
TLVPQEHYV	0.28	unseen	NetTCR-2.0	AUPR	2
TLVPQEHYV	0.56	unseen	ERGO_AE	AUROC	2
TLVPQEHYV	0.67	unseen	ERGO_AE	AUPR	2
FMSEAKCWT	0.32	unseen	VitTCR	AUROC	2
FMSEAKCWT	0.49	unseen	VitTCR	AUPR	2
FMSEAKCWT	0.24	unseen	NetTCR-2.0	AUROC	2
FMSEAKCWT	0.43	unseen	NetTCR-2.0	AUPR	2
FMSEAKCWT	0.76	unseen	ERGO_AE	AUROC	2
FMSEAKCWT	0.82	unseen	ERGO_AE	AUPR	2
YLEGSVRVV	0.3408	unseen	VitTCR	AUROC	10
YLEGSVRVV	0.44	unseen	VitTCR	AUPR	10
YLEGSVRVV	0.1264	unseen	NetTCR-2.0	AUROC	10
YLEGSVRVV	0.329	unseen	NetTCR-2.0	AUPR	10
YLEGSVRVV	0.2432	unseen	ERGO_AE	AUROC	10
YLEGSVRVV	0.3796	unseen	ERGO_AE	AUPR	10
RLDAMNGQL	0.2	unseen	VitTCR	AUROC	2
RLDAMNGQL	0.4	unseen	VitTCR	AUPR	2
RLDAMNGQL	0.0	unseen	NetTCR-2.0	AUROC	2
RLDAMNGQL	0.25	unseen	NetTCR-2.0	AUPR	2
RLDAMNGQL	0.28	unseen	ERGO_AE	AUROC	2
RLDAMNGQL	0.46	unseen	ERGO_AE	AUPR	2
YQDVDCTEV	0.24	unseen	VitTCR	AUROC	2
YQDVDCTEV	0.43	unseen	VitTCR	AUPR	2
YQDVDCTEV	0.08	unseen	NetTCR-2.0	AUROC	2
YQDVDCTEV	0.31	unseen	NetTCR-2.0	AUPR	2
YQDVDCTEV	0.12	unseen	ERGO_AE	AUROC	2
YQDVDCTEV	0.34	unseen	ERGO_AE	AUPR	2
LLFGYAVYV	0.4	unseen	VitTCR	AUROC	2
LLFGYAVYV	0.55	unseen	VitTCR	AUPR	2
LLFGYAVYV	0.2	unseen	NetTCR-2.0	AUROC	2
LLFGYAVYV	0.4	unseen	NetTCR-2.0	AUPR	2
LLFGYAVYV	0.64	unseen	ERGO_AE	AUROC	2
LLFGYAVYV	0.73	unseen	ERGO_AE	AUPR	2
RIMASLVLA	0.27	unseen	VitTCR	AUROC	4
RIMASLVLA	0.4233	unseen	VitTCR	AUPR	4
RIMASLVLA	0.1	unseen	NetTCR-2.0	AUROC	4
RIMASLVLA	0.3083	unseen	NetTCR-2.0	AUPR	4
RIMASLVLA	0.13	unseen	ERGO_AE	AUROC	4
RIMASLVLA	0.375	unseen	ERGO_AE	AUPR	4
QINDMILSL	0.73	unseen	VitTCR	AUROC	4
QINDMILSL	0.78	unseen	VitTCR	AUPR	4
QINDMILSL	0.25	unseen	NetTCR-2.0	AUROC	4
QINDMILSL	0.405	unseen	NetTCR-2.0	AUPR	4
QINDMILSL	0.38	unseen	ERGO_AE	AUROC	4
QINDMILSL	0.4983	unseen	ERGO_AE	AUPR	4
ALASCMGLI	0.48	unseen	VitTCR	AUROC	2
ALASCMGLI	0.61	unseen	VitTCR	AUPR	2
ALASCMGLI	0.84	unseen	NetTCR-2.0	AUROC	2
ALASCMGLI	0.88	unseen	NetTCR-2.0	AUPR	2
ALASCMGLI	0.24	unseen	ERGO_AE	AUROC	2
ALASCMGLI	0.43	unseen	ERGO_AE	AUPR	2
FLEGETLPT	0.84	unseen	VitTCR	AUROC	2
FLEGETLPT	0.88	unseen	VitTCR	AUPR	2
FLEGETLPT	0.48	unseen	NetTCR-2.0	AUROC	2
FLEGETLPT	0.61	unseen	NetTCR-2.0	AUPR	2
FLEGETLPT	0.52	unseen	ERGO_AE	AUROC	2
FLEGETLPT	0.64	unseen	ERGO_AE	AUPR	2
IKLDDKDPQ	0.65	unseen	VitTCR	AUROC	4
IKLDDKDPQ	0.6783	unseen	VitTCR	AUPR	4
IKLDDKDPQ	0.36	unseen	NetTCR-2.0	AUROC	4
IKLDDKDPQ	0.3917	unseen	NetTCR-2.0	AUPR	4
IKLDDKDPQ	0.48	unseen	ERGO_AE	AUROC	4
IKLDDKDPQ	0.5333	unseen	ERGO_AE	AUPR	4
LMWLIINLV	0.24	unseen	VitTCR	AUROC	2
LMWLIINLV	0.43	unseen	VitTCR	AUPR	2
LMWLIINLV	0.0	unseen	NetTCR-2.0	AUROC	2
LMWLIINLV	0.25	unseen	NetTCR-2.0	AUPR	2
LMWLIINLV	0.04	unseen	ERGO_AE	AUROC	2
LMWLIINLV	0.28	unseen	ERGO_AE	AUPR	2
NLNESLIDL	0.53	unseen	VitTCR	AUROC	4
NLNESLIDL	0.59	unseen	VitTCR	AUPR	4
NLNESLIDL	0.54	unseen	NetTCR-2.0	AUROC	4
NLNESLIDL	0.6233	unseen	NetTCR-2.0	AUPR	4
NLNESLIDL	0.36	unseen	ERGO_AE	AUROC	4
NLNESLIDL	0.4567	unseen	ERGO_AE	AUPR	4
YMGVSYEM	0.76	unseen	VitTCR	AUROC	2
YMGVSYEM	0.82	unseen	VitTCR	AUPR	2
YMGVSYEM	0.2	unseen	NetTCR-2.0	AUROC	2
YMGVSYEM	0.4	unseen	NetTCR-2.0	AUPR	2
YMGVSYEM	0.84	unseen	ERGO_AE	AUROC	2
YMGVSYEM	0.88	unseen	ERGO_AE	AUPR	2
ALLPGLPAA	0.72	unseen	VitTCR	AUROC	8
ALLPGLPAA	0.7403	unseen	VitTCR	AUPR	8
ALLPGLPAA	0.6125	unseen	NetTCR-2.0	AUROC	8
ALLPGLPAA	0.6371	unseen	NetTCR-2.0	AUPR	8
ALLPGLPAA	0.765	unseen	ERGO_AE	AUROC	8
ALLPGLPAA	0.7543	unseen	ERGO_AE	AUPR	8
FLLPSLATV	0.6444	unseen	VitTCR	AUROC	6
FLLPSLATV	0.6674	unseen	VitTCR	AUPR	6
FLLPSLATV	0.6	unseen	NetTCR-2.0	AUROC	6
FLLPSLATV	0.5842	unseen	NetTCR-2.0	AUPR	6
FLLPSLATV	0.5467	unseen	ERGO_AE	AUROC	6
FLLPSLATV	0.5179	unseen	ERGO_AE	AUPR	6
VLNGTVHPV	0.6	unseen	VitTCR	AUROC	2
VLNGTVHPV	0.7	unseen	VitTCR	AUPR	2
VLNGTVHPV	0.4	unseen	NetTCR-2.0	AUROC	2
VLNGTVHPV	0.55	unseen	NetTCR-2.0	AUPR	2
VLNGTVHPV	0.12	unseen	ERGO_AE	AUROC	2
VLNGTVHPV	0.34	unseen	ERGO_AE	AUPR	2
ELAAIGILTV	0.48	unseen	VitTCR	AUROC	2
ELAAIGILTV	0.61	unseen	VitTCR	AUPR	2
ELAAIGILTV	0.48	unseen	NetTCR-2.0	AUROC	2
ELAAIGILTV	0.61	unseen	NetTCR-2.0	AUPR	2
ELAAIGILTV	0.48	unseen	ERGO_AE	AUROC	2
ELAAIGILTV	0.61	unseen	ERGO_AE	AUPR	2
LLFGFPVYV	0.64	unseen	VitTCR	AUROC	2
LLFGFPVYV	0.73	unseen	VitTCR	AUPR	2
LLFGFPVYV	0.4	unseen	NetTCR-2.0	AUROC	2
LLFGFPVYV	0.55	unseen	NetTCR-2.0	AUPR	2
LLFGFPVYV	0.88	unseen	ERGO_AE	AUROC	2
LLFGFPVYV	0.91	unseen	ERGO_AE	AUPR	2
RILGAGCFV	0.52	unseen	VitTCR	AUROC	2
RILGAGCFV	0.64	unseen	VitTCR	AUPR	2
RILGAGCFV	0.32	unseen	NetTCR-2.0	AUROC	2
RILGAGCFV	0.49	unseen	NetTCR-2.0	AUPR	2
RILGAGCFV	0.44	unseen	ERGO_AE	AUROC	2
RILGAGCFV	0.58	unseen	ERGO_AE	AUPR	2
ILKEPVHGV	0.32	unseen	VitTCR	AUROC	2
ILKEPVHGV	0.49	unseen	VitTCR	AUPR	2
ILKEPVHGV	0.24	unseen	NetTCR-2.0	AUROC	2
ILKEPVHGV	0.43	unseen	NetTCR-2.0	AUPR	2
ILKEPVHGV	0.32	unseen	ERGO_AE	AUROC	2
ILKEPVHGV	0.49	unseen	ERGO_AE	AUPR	2
VMYASAVVL	0.5689	unseen	VitTCR	AUROC	6
VMYASAVVL	0.5738	unseen	VitTCR	AUPR	6
VMYASAVVL	0.5644	unseen	NetTCR-2.0	AUROC	6
VMYASAVVL	0.5753	unseen	NetTCR-2.0	AUPR	6
VMYASAVVL	0.5244	unseen	ERGO_AE	AUROC	6
VMYASAVVL	0.555	unseen	ERGO_AE	AUPR	6
KLNVGDYFV	0.88	unseen	VitTCR	AUROC	2
KLNVGDYFV	0.91	unseen	VitTCR	AUPR	2
KLNVGDYFV	0.96	unseen	NetTCR-2.0	AUROC	2
KLNVGDYFV	0.97	unseen	NetTCR-2.0	AUPR	2
KLNVGDYFV	0.8	unseen	ERGO_AE	AUROC	2
KLNVGDYFV	0.85	unseen	ERGO_AE	AUPR	2
LNKHIDAYK	0.96	unseen	VitTCR	AUROC	2
LNKHIDAYK	0.97	unseen	VitTCR	AUPR	2
LNKHIDAYK	0.36	unseen	NetTCR-2.0	AUROC	2
LNKHIDAYK	0.52	unseen	NetTCR-2.0	AUPR	2
LNKHIDAYK	0.24	unseen	ERGO_AE	AUROC	2
LNKHIDAYK	0.43	unseen	ERGO_AE	AUPR	2
FVAAIFYLI	0.76	unseen	VitTCR	AUROC	4
FVAAIFYLI	0.7967	unseen	VitTCR	AUPR	4
FVAAIFYLI	0.67	unseen	NetTCR-2.0	AUROC	4
FVAAIFYLI	0.7233	unseen	NetTCR-2.0	AUPR	4
FVAAIFYLI	0.45	unseen	ERGO_AE	AUROC	4
FVAAIFYLI	0.5483	unseen	ERGO_AE	AUPR	4
TVYSHLLLV	0.6	unseen	VitTCR	AUROC	2
TVYSHLLLV	0.7	unseen	VitTCR	AUPR	2
TVYSHLLLV	0.56	unseen	NetTCR-2.0	AUROC	2
TVYSHLLLV	0.67	unseen	NetTCR-2.0	AUPR	2
TVYSHLLLV	0.56	unseen	ERGO_AE	AUROC	2
TVYSHLLLV	0.67	unseen	ERGO_AE	AUPR	2
ALQIPFAMQM	0.64	unseen	VitTCR	AUROC	2
ALQIPFAMQM	0.73	unseen	VitTCR	AUPR	2
ALQIPFAMQM	0.4	unseen	NetTCR-2.0	AUROC	2
ALQIPFAMQM	0.55	unseen	NetTCR-2.0	AUPR	2
ALQIPFAMQM	0.68	unseen	ERGO_AE	AUROC	2
ALQIPFAMQM	0.76	unseen	ERGO_AE	AUPR	2
STSAFVETV	0.51	unseen	VitTCR	AUROC	4
STSAFVETV	0.58	unseen	VitTCR	AUPR	4
STSAFVETV	0.37	unseen	NetTCR-2.0	AUROC	4
STSAFVETV	0.4583	unseen	NetTCR-2.0	AUPR	4
STSAFVETV	0.43	unseen	ERGO_AE	AUROC	4
STSAFVETV	0.5283	unseen	ERGO_AE	AUPR	4
YTVELGTEV	0.47	unseen	VitTCR	AUROC	4
YTVELGTEV	0.5617	unseen	VitTCR	AUPR	4
YTVELGTEV	0.35	unseen	NetTCR-2.0	AUROC	4
YTVELGTEV	0.4433	unseen	NetTCR-2.0	AUPR	4
YTVELGTEV	0.2	unseen	ERGO_AE	AUROC	4
YTVELGTEV	0.3667	unseen	ERGO_AE	AUPR	4
HMTEVVRHC	0.485	unseen	VitTCR	AUROC	8
HMTEVVRHC	0.5362	unseen	VitTCR	AUPR	8
HMTEVVRHC	0.265	unseen	NetTCR-2.0	AUROC	8
HMTEVVRHC	0.3638	unseen	NetTCR-2.0	AUPR	8
HMTEVVRHC	0.385	unseen	ERGO_AE	AUROC	8
HMTEVVRHC	0.4569	unseen	ERGO_AE	AUPR	8
VVFLHVTYV	0.8	unseen	VitTCR	AUROC	2
VVFLHVTYV	0.85	unseen	VitTCR	AUPR	2
VVFLHVTYV	1.0	unseen	NetTCR-2.0	AUROC	2
VVFLHVTYV	1.0	unseen	NetTCR-2.0	AUPR	2
VVFLHVTYV	0.72	unseen	ERGO_AE	AUROC	2
VVFLHVTYV	0.79	unseen	ERGO_AE	AUPR	2
PQFKDNVIL	0.16	unseen	VitTCR	AUROC	2
PQFKDNVIL	0.37	unseen	VitTCR	AUPR	2
PQFKDNVIL	0.48	unseen	NetTCR-2.0	AUROC	2
PQFKDNVIL	0.61	unseen	NetTCR-2.0	AUPR	2
PQFKDNVIL	0.16	unseen	ERGO_AE	AUROC	2
PQFKDNVIL	0.37	unseen	ERGO_AE	AUPR	2
FLCLFLLPS	0.7	unseen	VitTCR	AUROC	4
FLCLFLLPS	0.7567	unseen	VitTCR	AUPR	4
FLCLFLLPS	0.72	unseen	NetTCR-2.0	AUROC	4
FLCLFLLPS	0.73	unseen	NetTCR-2.0	AUPR	4
FLCLFLLPS	0.64	unseen	ERGO_AE	AUROC	4
FLCLFLLPS	0.675	unseen	ERGO_AE	AUPR	4
YVFCTVNAL	0.6	unseen	VitTCR	AUROC	2
YVFCTVNAL	0.7	unseen	VitTCR	AUPR	2
YVFCTVNAL	0.28	unseen	NetTCR-2.0	AUROC	2
YVFCTVNAL	0.46	unseen	NetTCR-2.0	AUPR	2
YVFCTVNAL	0.72	unseen	ERGO_AE	AUROC	2
YVFCTVNAL	0.79	unseen	ERGO_AE	AUPR	2
KLIEYTDFA	0.04	unseen	VitTCR	AUROC	2
KLIEYTDFA	0.28	unseen	VitTCR	AUPR	2
KLIEYTDFA	0.12	unseen	NetTCR-2.0	AUROC	2
KLIEYTDFA	0.34	unseen	NetTCR-2.0	AUPR	2
KLIEYTDFA	0.0	unseen	ERGO_AE	AUROC	2
KLIEYTDFA	0.25	unseen	ERGO_AE	AUPR	2
VINGDRWFL	0.48	unseen	VitTCR	AUROC	2
VINGDRWFL	0.61	unseen	VitTCR	AUPR	2
VINGDRWFL	0.48	unseen	NetTCR-2.0	AUROC	2
VINGDRWFL	0.61	unseen	NetTCR-2.0	AUPR	2
VINGDRWFL	0.16	unseen	ERGO_AE	AUROC	2
VINGDRWFL	0.37	unseen	ERGO_AE	AUPR	2
GVYDGREHTV	0.56	unseen	VitTCR	AUROC	2
GVYDGREHTV	0.67	unseen	VitTCR	AUPR	2
GVYDGREHTV	0.4	unseen	NetTCR-2.0	AUROC	2
GVYDGREHTV	0.55	unseen	NetTCR-2.0	AUPR	2
GVYDGREHTV	0.52	unseen	ERGO_AE	AUROC	2
GVYDGREHTV	0.64	unseen	ERGO_AE	AUPR	2
YQVNGYPNM	0.52	unseen	VitTCR	AUROC	2
YQVNGYPNM	0.64	unseen	VitTCR	AUPR	2
YQVNGYPNM	0.52	unseen	NetTCR-2.0	AUROC	2
YQVNGYPNM	0.64	unseen	NetTCR-2.0	AUPR	2
YQVNGYPNM	0.68	unseen	ERGO_AE	AUROC	2
YQVNGYPNM	0.76	unseen	ERGO_AE	AUPR	2
SLIYSTAAL	0.6489	unseen	VitTCR	AUROC	6
SLIYSTAAL	0.7154	unseen	VitTCR	AUPR	6
SLIYSTAAL	0.6	unseen	NetTCR-2.0	AUROC	6
SLIYSTAAL	0.7011	unseen	NetTCR-2.0	AUPR	6
SLIYSTAAL	0.6133	unseen	ERGO_AE	AUROC	6
SLIYSTAAL	0.7471	unseen	ERGO_AE	AUPR	6
LGYGFVNYI	0.72	unseen	VitTCR	AUROC	2
LGYGFVNYI	0.79	unseen	VitTCR	AUPR	2
LGYGFVNYI	0.0	unseen	NetTCR-2.0	AUROC	2
LGYGFVNYI	0.25	unseen	NetTCR-2.0	AUPR	2
LGYGFVNYI	0.44	unseen	ERGO_AE	AUROC	2
LGYGFVNYI	0.58	unseen	ERGO_AE	AUPR	2
IKLDDKDPN	0.57	unseen	VitTCR	AUROC	4
IKLDDKDPN	0.69	unseen	VitTCR	AUPR	4
IKLDDKDPN	0.63	unseen	NetTCR-2.0	AUROC	4
IKLDDKDPN	0.715	unseen	NetTCR-2.0	AUPR	4
IKLDDKDPN	0.39	unseen	ERGO_AE	AUROC	4
IKLDDKDPN	0.4867	unseen	ERGO_AE	AUPR	4
MVTNNTFTL	0.6044	unseen	VitTCR	AUROC	6
MVTNNTFTL	0.6709	unseen	VitTCR	AUPR	6
MVTNNTFTL	0.4489	unseen	NetTCR-2.0	AUROC	6
MVTNNTFTL	0.4791	unseen	NetTCR-2.0	AUPR	6
MVTNNTFTL	0.5378	unseen	ERGO_AE	AUROC	6
MVTNNTFTL	0.5642	unseen	ERGO_AE	AUPR	6
NLSDRVVFV	0.7	unseen	VitTCR	AUROC	4
NLSDRVVFV	0.7517	unseen	VitTCR	AUPR	4
NLSDRVVFV	0.48	unseen	NetTCR-2.0	AUROC	4
NLSDRVVFV	0.4583	unseen	NetTCR-2.0	AUPR	4
NLSDRVVFV	0.61	unseen	ERGO_AE	AUROC	4
NLSDRVVFV	0.5967	unseen	ERGO_AE	AUPR	4
IIFWFSLEL	0.2	unseen	VitTCR	AUROC	2
IIFWFSLEL	0.4	unseen	VitTCR	AUPR	2
IIFWFSLEL	0.0	unseen	NetTCR-2.0	AUROC	2
IIFWFSLEL	0.25	unseen	NetTCR-2.0	AUPR	2
IIFWFSLEL	0.4	unseen	ERGO_AE	AUROC	2
IIFWFSLEL	0.55	unseen	ERGO_AE	AUPR	2
DLFMRIFTI	0.31	unseen	VitTCR	AUROC	4
DLFMRIFTI	0.4933	unseen	VitTCR	AUPR	4
DLFMRIFTI	0.46	unseen	NetTCR-2.0	AUROC	4
DLFMRIFTI	0.4733	unseen	NetTCR-2.0	AUPR	4
DLFMRIFTI	0.26	unseen	ERGO_AE	AUROC	4
DLFMRIFTI	0.445	unseen	ERGO_AE	AUPR	4
KLLKSIAAT	0.32	unseen	VitTCR	AUROC	2
KLLKSIAAT	0.49	unseen	VitTCR	AUPR	2
KLLKSIAAT	0.2	unseen	NetTCR-2.0	AUROC	2
KLLKSIAAT	0.4	unseen	NetTCR-2.0	AUPR	2
KLLKSIAAT	0.04	unseen	ERGO_AE	AUROC	2
KLLKSIAAT	0.28	unseen	ERGO_AE	AUPR	2
DPNFKDQVI	0.36	unseen	VitTCR	AUROC	2
DPNFKDQVI	0.52	unseen	VitTCR	AUPR	2
DPNFKDQVI	0.04	unseen	NetTCR-2.0	AUROC	2
DPNFKDQVI	0.28	unseen	NetTCR-2.0	AUPR	2
DPNFKDQVI	0.12	unseen	ERGO_AE	AUROC	2
DPNFKDQVI	0.34	unseen	ERGO_AE	AUPR	2
WLMWLIINL	0.68	unseen	VitTCR	AUROC	2
WLMWLIINL	0.76	unseen	VitTCR	AUPR	2
WLMWLIINL	0.32	unseen	NetTCR-2.0	AUROC	2
WLMWLIINL	0.49	unseen	NetTCR-2.0	AUPR	2
WLMWLIINL	0.68	unseen	ERGO_AE	AUROC	2
WLMWLIINL	0.76	unseen	ERGO_AE	AUPR	2
WLTYHGAIK	0.44	unseen	VitTCR	AUROC	2
WLTYHGAIK	0.58	unseen	VitTCR	AUPR	2
WLTYHGAIK	0.96	unseen	NetTCR-2.0	AUROC	2
WLTYHGAIK	0.97	unseen	NetTCR-2.0	AUPR	2
WLTYHGAIK	0.24	unseen	ERGO_AE	AUROC	2
WLTYHGAIK	0.43	unseen	ERGO_AE	AUPR	2
RMEQVDWTV	0.16	unseen	VitTCR	AUROC	2
RMEQVDWTV	0.37	unseen	VitTCR	AUPR	2
RMEQVDWTV	0.08	unseen	NetTCR-2.0	AUROC	2
RMEQVDWTV	0.31	unseen	NetTCR-2.0	AUPR	2
RMEQVDWTV	0.08	unseen	ERGO_AE	AUROC	2
RMEQVDWTV	0.31	unseen	ERGO_AE	AUPR	2
KMFDAYVNT	0.32	unseen	VitTCR	AUROC	2
KMFDAYVNT	0.49	unseen	VitTCR	AUPR	2
KMFDAYVNT	0.2	unseen	NetTCR-2.0	AUROC	2
KMFDAYVNT	0.4	unseen	NetTCR-2.0	AUPR	2
KMFDAYVNT	0.6	unseen	ERGO_AE	AUROC	2
KMFDAYVNT	0.7	unseen	ERGO_AE	AUPR	2
YLNSTNVTI	0.8	unseen	VitTCR	AUROC	2
YLNSTNVTI	0.85	unseen	VitTCR	AUPR	2
YLNSTNVTI	0.04	unseen	NetTCR-2.0	AUROC	2
YLNSTNVTI	0.28	unseen	NetTCR-2.0	AUPR	2
YLNSTNVTI	0.2	unseen	ERGO_AE	AUROC	2
YLNSTNVTI	0.4	unseen	ERGO_AE	AUPR	2
ILCETCLIV	0.32	unseen	VitTCR	AUROC	2
ILCETCLIV	0.49	unseen	VitTCR	AUPR	2
ILCETCLIV	0.12	unseen	NetTCR-2.0	AUROC	2
ILCETCLIV	0.34	unseen	NetTCR-2.0	AUPR	2
ILCETCLIV	0.16	unseen	ERGO_AE	AUROC	2
ILCETCLIV	0.37	unseen	ERGO_AE	AUPR	2
SMWSFNPET	0.68	unseen	VitTCR	AUROC	2
SMWSFNPET	0.76	unseen	VitTCR	AUPR	2
SMWSFNPET	0.6	unseen	NetTCR-2.0	AUROC	2
SMWSFNPET	0.7	unseen	NetTCR-2.0	AUPR	2
SMWSFNPET	0.2	unseen	ERGO_AE	AUROC	2
SMWSFNPET	0.4	unseen	ERGO_AE	AUPR	2
TLNDLNETL	0.36	unseen	VitTCR	AUROC	2
TLNDLNETL	0.52	unseen	VitTCR	AUPR	2
TLNDLNETL	0.12	unseen	NetTCR-2.0	AUROC	2
TLNDLNETL	0.34	unseen	NetTCR-2.0	AUPR	2
TLNDLNETL	0.32	unseen	ERGO_AE	AUROC	2
TLNDLNETL	0.49	unseen	ERGO_AE	AUPR	2
LLTILTSLL	0.92	unseen	VitTCR	AUROC	2
LLTILTSLL	0.94	unseen	VitTCR	AUPR	2
LLTILTSLL	0.24	unseen	NetTCR-2.0	AUROC	2
LLTILTSLL	0.43	unseen	NetTCR-2.0	AUPR	2
LLTILTSLL	0.88	unseen	ERGO_AE	AUROC	2
LLTILTSLL	0.91	unseen	ERGO_AE	AUPR	2
FLAFVVFLL	0.24	unseen	VitTCR	AUROC	2
FLAFVVFLL	0.43	unseen	VitTCR	AUPR	2
FLAFVVFLL	0.04	unseen	NetTCR-2.0	AUROC	2
FLAFVVFLL	0.28	unseen	NetTCR-2.0	AUPR	2
FLAFVVFLL	0.28	unseen	ERGO_AE	AUROC	2
FLAFVVFLL	0.46	unseen	ERGO_AE	AUPR	2
RQFGPDFPTI	0.48	unseen	VitTCR	AUROC	2
RQFGPDFPTI	0.61	unseen	VitTCR	AUPR	2
RQFGPDFPTI	0.08	unseen	NetTCR-2.0	AUROC	2
RQFGPDFPTI	0.31	unseen	NetTCR-2.0	AUPR	2
RQFGPDFPTI	0.28	unseen	ERGO_AE	AUROC	2
RQFGPDFPTI	0.46	unseen	ERGO_AE	AUPR	2
KLVSSFLEM	0.36	unseen	VitTCR	AUROC	2
KLVSSFLEM	0.52	unseen	VitTCR	AUPR	2
KLVSSFLEM	0.16	unseen	NetTCR-2.0	AUROC	2
KLVSSFLEM	0.37	unseen	NetTCR-2.0	AUPR	2
KLVSSFLEM	0.48	unseen	ERGO_AE	AUROC	2
KLVSSFLEM	0.61	unseen	ERGO_AE	AUPR	2
FLEYHDVRV	0.65	unseen	VitTCR	AUROC	4
FLEYHDVRV	0.74	unseen	VitTCR	AUPR	4
FLEYHDVRV	0.53	unseen	NetTCR-2.0	AUROC	4
FLEYHDVRV	0.7	unseen	NetTCR-2.0	AUPR	4
FLEYHDVRV	0.69	unseen	ERGO_AE	AUROC	4
FLEYHDVRV	0.7717	unseen	ERGO_AE	AUPR	4
FMPDFDLHL	0.58	unseen	VitTCR	AUROC	4
FMPDFDLHL	0.6483	unseen	VitTCR	AUPR	4
FMPDFDLHL	0.2	unseen	NetTCR-2.0	AUROC	4
FMPDFDLHL	0.3833	unseen	NetTCR-2.0	AUPR	4
FMPDFDLHL	0.45	unseen	ERGO_AE	AUROC	4
FMPDFDLHL	0.5717	unseen	ERGO_AE	AUPR	4
MLFTMLRKL	0.76	unseen	VitTCR	AUROC	4
MLFTMLRKL	0.7833	unseen	VitTCR	AUPR	4
MLFTMLRKL	0.76	unseen	NetTCR-2.0	AUROC	4
MLFTMLRKL	0.815	unseen	NetTCR-2.0	AUPR	4
MLFTMLRKL	0.71	unseen	ERGO_AE	AUROC	4
MLFTMLRKL	0.74	unseen	ERGO_AE	AUPR	4
NTFSSTFNV	0.4622	unseen	VitTCR	AUROC	6
NTFSSTFNV	0.5643	unseen	VitTCR	AUPR	6
NTFSSTFNV	0.4844	unseen	NetTCR-2.0	AUROC	6
NTFSSTFNV	0.5276	unseen	NetTCR-2.0	AUPR	6
NTFSSTFNV	0.3867	unseen	ERGO_AE	AUROC	6
NTFSSTFNV	0.4304	unseen	ERGO_AE	AUPR	6
RMDYNNMQM	0.56	unseen	VitTCR	AUROC	2
RMDYNNMQM	0.67	unseen	VitTCR	AUPR	2
RMDYNNMQM	0.12	unseen	NetTCR-2.0	AUROC	2
RMDYNNMQM	0.34	unseen	NetTCR-2.0	AUPR	2
RMDYNNMQM	0.32	unseen	ERGO_AE	AUROC	2
RMDYNNMQM	0.49	unseen	ERGO_AE	AUPR	2
VTLAILTAL	0.84	unseen	VitTCR	AUROC	2
VTLAILTAL	0.88	unseen	VitTCR	AUPR	2
VTLAILTAL	0.64	unseen	NetTCR-2.0	AUROC	2
VTLAILTAL	0.73	unseen	NetTCR-2.0	AUPR	2
VTLAILTAL	0.76	unseen	ERGO_AE	AUROC	2
VTLAILTAL	0.82	unseen	ERGO_AE	AUPR	2
HLRMAGHSL	0.8	unseen	VitTCR	AUROC	2
HLRMAGHSL	0.85	unseen	VitTCR	AUPR	2
HLRMAGHSL	1.0	unseen	NetTCR-2.0	AUROC	2
HLRMAGHSL	1.0	unseen	NetTCR-2.0	AUPR	2
HLRMAGHSL	0.8	unseen	ERGO_AE	AUROC	2
HLRMAGHSL	0.85	unseen	ERGO_AE	AUPR	2
VLEEVDWLI	0.36	unseen	VitTCR	AUROC	2
VLEEVDWLI	0.52	unseen	VitTCR	AUPR	2
VLEEVDWLI	0.4	unseen	NetTCR-2.0	AUROC	2
VLEEVDWLI	0.55	unseen	NetTCR-2.0	AUPR	2
VLEEVDWLI	0.12	unseen	ERGO_AE	AUROC	2
VLEEVDWLI	0.34	unseen	ERGO_AE	AUPR	2
SFLPGVYSV	0.88	unseen	VitTCR	AUROC	2
SFLPGVYSV	0.91	unseen	VitTCR	AUPR	2
SFLPGVYSV	0.96	unseen	NetTCR-2.0	AUROC	2
SFLPGVYSV	0.97	unseen	NetTCR-2.0	AUPR	2
SFLPGVYSV	0.88	unseen	ERGO_AE	AUROC	2
SFLPGVYSV	0.91	unseen	ERGO_AE	AUPR	2
YLGGPDFPTI	0.44	unseen	VitTCR	AUROC	2
YLGGPDFPTI	0.58	unseen	VitTCR	AUPR	2
YLGGPDFPTI	0.2	unseen	NetTCR-2.0	AUROC	2
YLGGPDFPTI	0.4	unseen	NetTCR-2.0	AUPR	2
YLGGPDFPTI	0.36	unseen	ERGO_AE	AUROC	2
YLGGPDFPTI	0.52	unseen	ERGO_AE	AUPR	2
VLSFCAFAV	0.66	unseen	VitTCR	AUROC	4
VLSFCAFAV	0.7167	unseen	VitTCR	AUPR	4
VLSFCAFAV	0.69	unseen	NetTCR-2.0	AUROC	4
VLSFCAFAV	0.72	unseen	NetTCR-2.0	AUPR	4
VLSFCAFAV	0.17	unseen	ERGO_AE	AUROC	4
VLSFCAFAV	0.3433	unseen	ERGO_AE	AUPR	4
LQLGFSTGV	0.4	unseen	VitTCR	AUROC	2
LQLGFSTGV	0.55	unseen	VitTCR	AUPR	2
LQLGFSTGV	0.44	unseen	NetTCR-2.0	AUROC	2
LQLGFSTGV	0.58	unseen	NetTCR-2.0	AUPR	2
LQLGFSTGV	0.32	unseen	ERGO_AE	AUROC	2
LQLGFSTGV	0.49	unseen	ERGO_AE	AUPR	2
VLYENQKLI	0.76	unseen	VitTCR	AUROC	2
VLYENQKLI	0.82	unseen	VitTCR	AUPR	2
VLYENQKLI	0.36	unseen	NetTCR-2.0	AUROC	2
VLYENQKLI	0.52	unseen	NetTCR-2.0	AUPR	2
VLYENQKLI	0.36	unseen	ERGO_AE	AUROC	2
VLYENQKLI	0.52	unseen	ERGO_AE	AUPR	2
NMLRIMASL	0.46	unseen	VitTCR	AUROC	4
NMLRIMASL	0.5683	unseen	VitTCR	AUPR	4
NMLRIMASL	0.39	unseen	NetTCR-2.0	AUROC	4
NMLRIMASL	0.5617	unseen	NetTCR-2.0	AUPR	4
NMLRIMASL	0.34	unseen	ERGO_AE	AUROC	4
NMLRIMASL	0.5117	unseen	ERGO_AE	AUPR	4
YHGAIKLDD	0.72	unseen	VitTCR	AUROC	4
YHGAIKLDD	0.7583	unseen	VitTCR	AUPR	4
YHGAIKLDD	0.51	unseen	NetTCR-2.0	AUROC	4
YHGAIKLDD	0.56	unseen	NetTCR-2.0	AUPR	4
YHGAIKLDD	0.84	unseen	ERGO_AE	AUROC	4
YHGAIKLDD	0.8383	unseen	ERGO_AE	AUPR	4
TWLTYTGAI	0.84	unseen	VitTCR	AUROC	2
TWLTYTGAI	0.88	unseen	VitTCR	AUPR	2
TWLTYTGAI	1.0	unseen	NetTCR-2.0	AUROC	2
TWLTYTGAI	1.0	unseen	NetTCR-2.0	AUPR	2
TWLTYTGAI	0.6	unseen	ERGO_AE	AUROC	2
TWLTYTGAI	0.7	unseen	ERGO_AE	AUPR	2
VLDLFQGQL	0.68	unseen	VitTCR	AUROC	2
VLDLFQGQL	0.76	unseen	VitTCR	AUPR	2
VLDLFQGQL	0.52	unseen	NetTCR-2.0	AUROC	2
VLDLFQGQL	0.64	unseen	NetTCR-2.0	AUPR	2
VLDLFQGQL	0.2	unseen	ERGO_AE	AUROC	2
VLDLFQGQL	0.4	unseen	ERGO_AE	AUPR	2
KLMPVCVET	0.32	unseen	VitTCR	AUROC	2
KLMPVCVET	0.49	unseen	VitTCR	AUPR	2
KLMPVCVET	0.48	unseen	NetTCR-2.0	AUROC	2
KLMPVCVET	0.61	unseen	NetTCR-2.0	AUPR	2
KLMPVCVET	0.08	unseen	ERGO_AE	AUROC	2
KLMPVCVET	0.31	unseen	ERGO_AE	AUPR	2
FVFLVLLPL	0.56	unseen	VitTCR	AUROC	2
FVFLVLLPL	0.67	unseen	VitTCR	AUPR	2
FVFLVLLPL	0.24	unseen	NetTCR-2.0	AUROC	2
FVFLVLLPL	0.43	unseen	NetTCR-2.0	AUPR	2
FVFLVLLPL	0.28	unseen	ERGO_AE	AUROC	2
FVFLVLLPL	0.46	unseen	ERGO_AE	AUPR	2
VMCGGSLYV	0.2	unseen	VitTCR	AUROC	2
VMCGGSLYV	0.4	unseen	VitTCR	AUPR	2
VMCGGSLYV	0.0	unseen	NetTCR-2.0	AUROC	2
VMCGGSLYV	0.25	unseen	NetTCR-2.0	AUPR	2
VMCGGSLYV	0.12	unseen	ERGO_AE	AUROC	2
VMCGGSLYV	0.34	unseen	ERGO_AE	AUPR	2
YASAVVLLI	0.4	unseen	VitTCR	AUROC	2
YASAVVLLI	0.55	unseen	VitTCR	AUPR	2
YASAVVLLI	0.16	unseen	NetTCR-2.0	AUROC	2
YASAVVLLI	0.37	unseen	NetTCR-2.0	AUPR	2
YASAVVLLI	0.2	unseen	ERGO_AE	AUROC	2
YASAVVLLI	0.4	unseen	ERGO_AE	AUPR	2
LLQCTQQAV	0.28	unseen	VitTCR	AUROC	2
LLQCTQQAV	0.46	unseen	VitTCR	AUPR	2
LLQCTQQAV	0.24	unseen	NetTCR-2.0	AUROC	2
LLQCTQQAV	0.43	unseen	NetTCR-2.0	AUPR	2
LLQCTQQAV	0.24	unseen	ERGO_AE	AUROC	2
LLQCTQQAV	0.43	unseen	ERGO_AE	AUPR	2
YFLQSINFV	0.65	unseen	VitTCR	AUROC	4
YFLQSINFV	0.7017	unseen	VitTCR	AUPR	4
YFLQSINFV	0.7	unseen	NetTCR-2.0	AUROC	4
YFLQSINFV	0.7633	unseen	NetTCR-2.0	AUPR	4
YFLQSINFV	0.51	unseen	ERGO_AE	AUROC	4
YFLQSINFV	0.6367	unseen	ERGO_AE	AUPR	4
KLDDKDPQF	0.4	unseen	VitTCR	AUROC	2
KLDDKDPQF	0.55	unseen	VitTCR	AUPR	2
KLDDKDPQF	0.64	unseen	NetTCR-2.0	AUROC	2
KLDDKDPQF	0.73	unseen	NetTCR-2.0	AUPR	2
KLDDKDPQF	0.36	unseen	ERGO_AE	AUROC	2
KLDDKDPQF	0.52	unseen	ERGO_AE	AUPR	2
MVWGPDPLYV	0.28	unseen	VitTCR	AUROC	2
MVWGPDPLYV	0.46	unseen	VitTCR	AUPR	2
MVWGPDPLYV	0.0	unseen	NetTCR-2.0	AUROC	2
MVWGPDPLYV	0.25	unseen	NetTCR-2.0	AUPR	2
MVWGPDPLYV	0.28	unseen	ERGO_AE	AUROC	2
MVWGPDPLYV	0.46	unseen	ERGO_AE	AUPR	2
TLEYMDWLV	0.48	unseen	VitTCR	AUROC	2
TLEYMDWLV	0.61	unseen	VitTCR	AUPR	2
TLEYMDWLV	0.12	unseen	NetTCR-2.0	AUROC	2
TLEYMDWLV	0.34	unseen	NetTCR-2.0	AUPR	2
TLEYMDWLV	0.4	unseen	ERGO_AE	AUROC	2
TLEYMDWLV	0.55	unseen	ERGO_AE	AUPR	2
RQWGPDPAAV	0.56	unseen	VitTCR	AUROC	2
RQWGPDPAAV	0.67	unseen	VitTCR	AUPR	2
RQWGPDPAAV	0.56	unseen	NetTCR-2.0	AUROC	2
RQWGPDPAAV	0.67	unseen	NetTCR-2.0	AUPR	2
RQWGPDPAAV	0.36	unseen	ERGO_AE	AUROC	2
RQWGPDPAAV	0.52	unseen	ERGO_AE	AUPR	2
QLLFVVEVV	0.36	unseen	VitTCR	AUROC	2
QLLFVVEVV	0.52	unseen	VitTCR	AUPR	2
QLLFVVEVV	0.0	unseen	NetTCR-2.0	AUROC	2
QLLFVVEVV	0.25	unseen	NetTCR-2.0	AUPR	2
QLLFVVEVV	0.36	unseen	ERGO_AE	AUROC	2
QLLFVVEVV	0.52	unseen	ERGO_AE	AUPR	2
IFLWLLWPV	0.84	unseen	VitTCR	AUROC	2
IFLWLLWPV	0.88	unseen	VitTCR	AUPR	2
IFLWLLWPV	1.0	unseen	NetTCR-2.0	AUROC	2
IFLWLLWPV	1.0	unseen	NetTCR-2.0	AUPR	2
IFLWLLWPV	0.68	unseen	ERGO_AE	AUROC	2
IFLWLLWPV	0.76	unseen	ERGO_AE	AUPR	2
FGDDTVIEV	0.52	unseen	VitTCR	AUROC	2
FGDDTVIEV	0.64	unseen	VitTCR	AUPR	2
FGDDTVIEV	0.32	unseen	NetTCR-2.0	AUROC	2
FGDDTVIEV	0.49	unseen	NetTCR-2.0	AUPR	2
FGDDTVIEV	0.24	unseen	ERGO_AE	AUROC	2
FGDDTVIEV	0.43	unseen	ERGO_AE	AUPR	2
FLRDGWEIV	0.72	unseen	VitTCR	AUROC	2
FLRDGWEIV	0.79	unseen	VitTCR	AUPR	2
FLRDGWEIV	0.56	unseen	NetTCR-2.0	AUROC	2
FLRDGWEIV	0.67	unseen	NetTCR-2.0	AUPR	2
FLRDGWEIV	0.24	unseen	ERGO_AE	AUROC	2
FLRDGWEIV	0.43	unseen	ERGO_AE	AUPR	2
VLQVRDVLV	0.2	unseen	VitTCR	AUROC	2
VLQVRDVLV	0.4	unseen	VitTCR	AUPR	2
VLQVRDVLV	0.24	unseen	NetTCR-2.0	AUROC	2
VLQVRDVLV	0.43	unseen	NetTCR-2.0	AUPR	2
VLQVRDVLV	0.04	unseen	ERGO_AE	AUROC	2
VLQVRDVLV	0.28	unseen	ERGO_AE	AUPR	2
LMDMHNGQL	0.76	unseen	VitTCR	AUROC	2
LMDMHNGQL	0.82	unseen	VitTCR	AUPR	2
LMDMHNGQL	0.04	unseen	NetTCR-2.0	AUROC	2
LMDMHNGQL	0.28	unseen	NetTCR-2.0	AUPR	2
LMDMHNGQL	0.24	unseen	ERGO_AE	AUROC	2
LMDMHNGQL	0.43	unseen	ERGO_AE	AUPR	2
AMAVMLLLL	0.48	unseen	VitTCR	AUROC	2
AMAVMLLLL	0.61	unseen	VitTCR	AUPR	2
AMAVMLLLL	0.52	unseen	NetTCR-2.0	AUROC	2
AMAVMLLLL	0.64	unseen	NetTCR-2.0	AUPR	2
AMAVMLLLL	0.44	unseen	ERGO_AE	AUROC	2
AMAVMLLLL	0.58	unseen	ERGO_AE	AUPR	2
YMHHMELPT	0.36	unseen	VitTCR	AUROC	2
YMHHMELPT	0.52	unseen	VitTCR	AUPR	2
YMHHMELPT	0.12	unseen	NetTCR-2.0	AUROC	2
YMHHMELPT	0.34	unseen	NetTCR-2.0	AUPR	2
YMHHMELPT	0.04	unseen	ERGO_AE	AUROC	2
YMHHMELPT	0.28	unseen	ERGO_AE	AUPR	2
TGAIKLDDK	0.44	unseen	VitTCR	AUROC	2
TGAIKLDDK	0.58	unseen	VitTCR	AUPR	2
TGAIKLDDK	0.4	unseen	NetTCR-2.0	AUROC	2
TGAIKLDDK	0.55	unseen	NetTCR-2.0	AUPR	2
TGAIKLDDK	0.24	unseen	ERGO_AE	AUROC	2
TGAIKLDDK	0.43	unseen	ERGO_AE	AUPR	2
ALGIGILTV	0.8	unseen	VitTCR	AUROC	2
ALGIGILTV	0.85	unseen	VitTCR	AUPR	2
ALGIGILTV	0.44	unseen	NetTCR-2.0	AUROC	2
ALGIGILTV	0.58	unseen	NetTCR-2.0	AUPR	2
ALGIGILTV	0.8	unseen	ERGO_AE	AUROC	2
ALGIGILTV	0.85	unseen	ERGO_AE	AUPR	2
AQWGPDPAAA	0.68	unseen	VitTCR	AUROC	2
AQWGPDPAAA	0.76	unseen	VitTCR	AUPR	2
AQWGPDPAAA	0.36	unseen	NetTCR-2.0	AUROC	2
AQWGPDPAAA	0.52	unseen	NetTCR-2.0	AUPR	2
AQWGPDPAAA	0.72	unseen	ERGO_AE	AUROC	2
AQWGPDPAAA	0.79	unseen	ERGO_AE	AUPR	2
ILAKFLHWL	0.6	unseen	VitTCR	AUROC	2
ILAKFLHWL	0.7	unseen	VitTCR	AUPR	2
ILAKFLHWL	0.48	unseen	NetTCR-2.0	AUROC	2
ILAKFLHWL	0.61	unseen	NetTCR-2.0	AUPR	2
ILAKFLHWL	0.8	unseen	ERGO_AE	AUROC	2
ILAKFLHWL	0.85	unseen	ERGO_AE	AUPR	2
